Y,X1,X2,X3
222000.00,1,6.3,2016
177000.00,1,5.5,2016
177777.00,1,5.5,2016
199999.00,1,5.5,2016
199999.00,1,5.5,2016
199999.00,1,5.5,2016
199999.00,1,5.5,2016
185555.00,1,4.7,2016
187555.00,1,4.7,2016
189999.00,1,4.7,2016
129999.00,1,4.67,2016
154999.00,1,4.6,2016
99999.00,1,4.5,2016
99999.00,1,4.5,2016
99999.00,1,4.5,2016
100000.00,1,4.5,2016
102999.00,1,4.5,2016
103999.00,1,4.5,2016
103999.00,1,4.5,2016
195000.00,1,4.5,2016
195000.00,1,4.5,2016
139000.00,1,4.4,2016
124000.00,1,4,2016
109000.00,1,3.5,2016
66346.00,1,3,2016
67622.55,1,3,2016
71138.00,1,3,2016
72000.00,1,3,2016
80999.00,1,3,2016
81500.00,1,3,2016
86999.00,1,3,2016
86999.00,1,3,2016
92222.00,1,3,2016
99000.00,1,3,2016
99000.00,1,3,2016
99999.00,1,3,2016
99999.00,1,3,2016
103333.00,1,3,2016
107777.00,1,3,2016
107999.00,1,3,2016
109999.00,1,3,2016
110000.00,1,3,2016
111999.00,1,3,2016
111999.00,1,3,2016
114999.00,1,3,2016
124000.00,1,3,2016
124999.00,1,3,2016
138000.00,1,3,2016
159999.00,1,3,2016
173333.00,1,3,2016
99999.00,1,2.99,2016
114999.00,1,2.99,2016
81999.00,1,2.98,2016
105999.00,1,2.98,2016
107999.00,1,2.98,2016
109999.00,1,2.98,2016
109999.00,1,2.98,2016
43999.00,1,2.8,2016
25749.75,1,2.5,2016
28787.85,1,2.5,2016
41900.00,1,2.5,2016
65000.00,1,2.5,2016
69999.00,1,2.5,2016
97555.00,1,2.5,2016
33000.00,1,2.4,2016
36000.00,1,2.4,2016
38233.00,1,2.4,2016
40800.00,1,2.4,2016
40990.00,1,2.4,2016
46000.00,1,2.4,2016
47600.00,1,2.2,2016
47600.00,1,2.2,2016
47600.00,1,2.2,2016
47600.00,1,2.2,2016
58999.00,1,2.2,2016
62999.00,1,2.2,2016
69999.00,1,2.2,2016
70999.00,1,2.2,2016
71999.00,1,2.2,2016
71999.00,1,2.2,2016
87777.00,1,2.2,2016
102800.00,1,2.2,2016
107000.00,1,2.2,2016
109999.00,1,2.2,2016
25000.00,1,2,2016
28500.00,1,2,2016
34899.14,1,2,2016
35138.29,1,2,2016
37976.25,1,2,2016
38365.00,1,2,2016
39615.00,1,2,2016
40755.00,1,2,2016
43163.25,1,2,2016
43719.00,1,2,2016
47500.00,1,2,2016
48535.50,1,2,2016
52055.25,1,2,2016
63200.00,1,2,2016
65099.00,1,2,2016
65393.25,1,2,2016
66500.00,1,2,2016
66666.00,1,2,2016
67431.00,1,2,2016
24842.03,1,1.8,2016
12114.35,1,1.6,2016
13300.95,1,1.6,2016
13893.75,1,1.6,2016
13972.07,1,1.6,2016
16999.00,1,1.6,2016
17191.20,1,1.6,2016
20711.25,1,1.6,2016
23999.00,1,1.6,2016
23999.00,1,1.6,2016
28660.00,1,1.6,2016
28793.04,1,1.6,2016
47000.00,1,1.6,2016
57000.00,1,1.6,2016
65000.00,1,1.6,2016
13300.95,1,1.5,2016
13321.33,1,1.5,2016
15635.10,1,1.5,2016
15672.15,1,1.5,2016
15820.35,1,1.5,2016
18932.55,1,1.5,2016
18988.13,1,1.5,2016
19692.08,1,1.5,2016
20996.24,1,1.5,2016
34419.45,1,1.4,2016
17394.09,1,1.33,2016
11403.99,1,1.2,2016
17639.47,1,1.2,2016
73900.00,1,4.5,2016
74999.00,1,4.5,2016
85000.00,1,4.5,2016
68500.00,1,3.5,2016
77500.00,1,3,2016
77500.00,1,3,2016
81500.00,1,3,2016
104999.00,1,3,2016
105000.00,1,3,2016
109999.00,1,3,2016
129999.00,1,2.99,2016
39500.00,1,2.8,2016
43999.00,1,2.8,2016
24171.42,1,2.5,2016
25342.20,1,2.5,2016
27565.20,1,2.5,2016
67500.00,1,2.5,2016
74999.00,1,2.2,2016
20859.15,1,2,2016
22711.65,1,2,2016
28900.00,1,2,2016
43000.00,1,2,2016
56500.00,1,2,2016
60500.00,1,2,2016
62000.00,1,2,2016
62900.00,1,2,2016
63500.00,1,2,2016
64500.00,1,2,2016
65500.00,1,2,2016
66500.00,1,2,2016
67500.00,1,2,2016
67500.00,1,2,2016
69999.00,1,2,2016
14500.00,1,1.6,2016
16672.50,1,1.6,2016
23999.00,1,1.6,2016
24300.00,1,1.6,2016
24900.00,1,1.6,2016
24900.00,1,1.6,2016
18456.16,1,1.5,2016
29602.95,1,1.4,2016
44000.00,1,1.4,2016
9658.94,1,1.2,2016
11707.80,1,1,2016
195000.00,2,5.5,2016
129222.00,2,5,2016
97500.00,2,4.6,2016
137000.00,2,4.4,2016
61000.00,2,3,2016
104999.00,2,3,2016
104999.00,2,3,2016
42900.00,2,2,2016
42900.00,2,2,2016
21500.00,2,1.6,2016
24800.00,2,1.6,2016
30999.00,2,1.4,2016
249999.00,3,5.5,2016
88000.00,3,4.5,2016
86000.00,3,3,2016
85000.00,3,2.2,2016
52222.00,3,2,2016
24000.00,3,1.6,2016
46500.00,4,3,2016
115800.00,4,3,2016
19100.00,4,1.6,2016
39900.00,5,2,2016
42000.00,5,2,2016
46000.00,5,2,2016
250000.00,6,5.5,2016
39333.00,6,2,2016
47300.00,10,2,2016
29600.00,11,1.4,2016
33700.00,11,1.4,2016
10500.00,17,1,2016
17500.00,20,1.5,2016
45000.00,29,2,2016
59900.00,30,2,2016
55500.00,47,3,2016
164500.00,1,4.5,2015
74500.00,1,3,2015
75000.00,1,3,2015
88888.00,1,3,2015
89999.00,1,3,2015
50250.00,1,2.2,2015
28713.75,1,2,2015
29800.00,1,2,2015
63000.00,1,2,2015
11962.00,1,1.6,2015
29040.00,1,1.4,2015
13621.43,1,1.3,2015
69990.00,1,5,2015
169000.00,1,4.7,2015
74000.00,1,3,2015
33715.50,1,2.7,2015
27200.00,1,2,2015
69990.00,1,2,2015
23900.00,1,1.8,2015
10974.21,1,1.6,2015
20477.54,1,1.6,2015
24193.65,1,1.6,2015
45000.00,1,1.6,2015
33500.00,1,1.5,2015
21500.00,1,1.4,2015
40000.00,1,1.4,2015
10396.23,1,1.2,2015
18600.00,2,1.6,2015
20007.00,2,1.5,2015
57000.00,3,2.2,2015
90999.00,4,3,2015
38888.00,5,0.65,2015
133000.00,7,4.4,2015
30500.00,7,2.5,2015
52000.00,7,2,2015
160000.00,8,4.6,2015
85555.00,10,3,2015
85555.00,10,3,2015
43000.00,11,1.8,2015
126000.00,14,3,2015
75500.00,14,2.2,2015
28900.00,15,2.5,2015
30900.00,15,2.5,2015
104000.00,16,5.5,2015
72900.00,16,3,2015
75000.00,16,3,2015
112000.00,16,3,2015
28500.00,16,2.5,2015
89999.00,17,4.4,2015
125000.00,17,3,2015
26250.00,17,2.5,2015
125000.00,18,3,2015
125000.00,18,3,2015
39000.00,18,1.8,2015
85900.00,19,3,2015
71500.00,19,2.5,2015
69999.00,21,3,2015
27700.00,21,2.5,2015
32000.00,22,2.5,2015
32000.00,22,2.5,2015
62000.00,24,3,2015
116500.00,25,3,2015
20900.00,25,2,2015
45500.00,26,2,2015
28800.00,29,2.2,2015
51900.00,30,3,2015
51900.00,30,3,2015
51900.00,30,3,2015
63500.00,33,3,2015
25900.00,35,2,2015
55500.00,36,3,2015
28500.00,38,2.2,2015
28500.00,38,2,2015
115555.00,39,3,2015
40500.00,39,2.2,2015
38200.00,39,1.6,2015
85555.00,40,3,2015
24800.00,43,2.5,2015
45500.00,45,3.5,2015
23800.00,45,2.5,2015
75500.00,50,4.6,2015
135555.00,54,4.66,2015
10000.00,56,1.8,2015
25500.00,58,2.5,2015
25800.00,58,2.5,2015
58000.00,64,2,2015
51500.00,70,3,2015
30385.00,1,2,2014
31310.00,1,2,2014
38764.00,1,2,2014
39040.00,1,2,2014
77777.00,1,3,2014
169000.00,1,3,2014
31500.00,1,2,2014
11818.95,1,1.6,2014
10493.00,1,1.4,2014
36500.00,2,3,2014
35300.00,3,1.6,2014
47000.00,5,2,2014
47000.00,5,2,2014
77777.00,8,4.4,2014
77777.00,8,4.4,2014
125000.00,9,3,2014
13500.00,10,1.6,2014
12650.00,11,1,2014
22500.00,12,2.5,2014
39900.00,12,1.8,2014
33900.00,14,1.8,2014
28500.00,15,1.8,2014
17200.00,15,1.2,2014
70000.00,16,3,2014
144900.00,16,3,2014
8250.00,16,1.2,2014
52300.00,19,3,2014
38500.00,20,5.7,2014
68000.00,20,3,2014
75000.00,20,3,2014
35000.00,20,2,2014
16900.00,20,1.6,2014
15000.00,21,1.5,2014
121500.00,22,3,2014
26000.00,22,1.8,2014
20200.00,22,1.2,2014
21000.00,22,1.2,2014
80000.00,23,4.5,2014
81000.00,23,4.4,2014
55000.00,24,2.8,2014
14000.00,25,2.5,2014
16000.00,26,1.2,2014
119000.00,27,3,2014
51500.00,28,3,2014
19900.00,28,1.6,2014
76500.00,29,4.5,2014
21000.00,29,2,2014
9500.00,29,1.4,2014
75555.00,30,4.4,2014
75555.00,30,4.4,2014
75555.00,30,4.4,2014
5500.00,30,2.5,2014
24900.00,30,2.5,2014
30900.00,30,2,2014
17700.00,30,1.6,2014
18300.00,30,1.6,2014
39500.00,30,1.6,2014
31700.00,32,1.8,2014
35500.00,33,2,2014
36500.00,33,2,2014
42000.00,33,2,2014
46800.00,33,2,2014
33500.00,35,1.8,2014
17900.00,35,1.6,2014
85000.00,36,5.5,2014
129999.00,37,4.7,2014
42000.00,38,2.2,2014
16950.00,38,2,2014
13200.00,38,1.33,2014
30600.00,39,2.2,2014
10200.00,39,1.5,2014
72000.00,40,4.5,2014
109900.00,40,3,2014
23300.00,40,2,2014
28950.00,40,1.8,2014
72700.00,42,2.2,2014
45500.00,42,2,2014
38000.00,42,1.6,2014
52500.00,43,3,2014
13500.00,43,2,2014
9003.15,43,1.3,2014
51000.00,44,3,2014
56000.00,44,3,2014
47500.00,45,3,2014
47500.00,45,3,2014
56500.00,45,3,2014
39999.00,45,2,2014
39999.00,45,2,2014
39999.00,45,2,2014
18950.00,45,1.8,2014
17500.00,45,1.6,2014
57000.00,47,3,2014
115000.00,49,4.7,2014
32400.00,50,2,2014
43500.00,51,3,2014
43500.00,51,3,2014
43500.00,51,3,2014
24000.00,51,2.5,2014
13708.50,51,1.4,2014
37500.00,55,2,2014
38500.00,56,2.2,2014
20500.00,56,2,2014
65000.00,58,4.4,2014
33900.00,58,2,2014
21550.00,58,1.4,2014
48000.00,59,3,2014
49999.00,59,2,2014
24000.00,60,2.5,2014
25999.00,60,1.8,2014
42500.00,63,3,2014
10100.00,64,2,2014
32500.00,65,2,2014
11999.00,65,1.5,2014
8250.00,66,1.5,2014
68500.00,68,3,2014
69900.00,69,3,2014
82555.00,69,3,2014
23400.00,69,2.5,2014
22900.00,69,2.4,2014
22900.00,69,2.4,2014
66200.00,70,3,2014
66900.00,70,3,2014
7750.00,70,1.5,2014
38000.00,74,2,2014
9500.00,78,1.5,2014
49500.00,80,3,2014
23500.00,80,2.5,2014
23999.00,80,2,2014
137000.00,82,5.5,2014
69500.00,84,3,2014
31000.00,86,2.2,2014
9599.00,88,1.6,2014
27000.00,90,2,2014
44800.00,95,3,2014
14500.00,98,1.5,2014
44800.00,100,3,2014
23700.00,100,2.5,2014
35900.00,105,2,2014
10200.00,105,1.6,2014
9800.00,117,1.6,2014
8499.00,120,1.5,2014
16900.00,121,2,2014
29999.00,129,2,2014
7899.00,129,1.5,2014
8300.00,137,1.5,2014
26800.00,160,2.2,2014
8550.00,160,1.5,2014
18300.00,1,2.2,2013
63000.00,3,4.2,2013
99000.00,5,1.6,2013
39900.00,11,4,2013
28000.00,12,1.8,2013
9200.00,12,1.2,2013
61500.00,16,3,2013
24000.00,16,2.5,2013
36900.00,17,2,2013
20900.00,18,2.5,2013
200000.00,19,3.5,2013
8299.00,19,1.2,2013
57000.00,20,3.5,2013
24000.00,20,2.5,2013
28900.00,20,2.5,2013
26500.00,21,2,2013
51500.00,23,3,2013
18200.00,23,1.4,2013
51500.00,27,3,2013
219900.00,30,6.3,2013
99999.00,30,5,2013
50800.00,30,3.5,2013
18100.00,30,1.6,2013
20300.00,30,1.4,2013
219900.00,33,5.5,2013
63333.00,33,4.5,2013
31600.00,33,1.6,2013
5000.00,34,1.5,2013
21000.00,34,1.4,2013
30650.00,35,2,2013
34400.00,37,2,2013
12900.00,37,1.4,2013
27900.00,38,2,2013
55000.00,40,4.6,2013
35555.00,40,3.5,2013
12900.00,40,2,2013
22000.00,40,1.4,2013
33500.00,42,2,2013
22100.00,42,1.6,2013
13000.00,42,1.3,2013
68500.00,43,4.4,2013
22800.00,43,2.4,2013
7500.00,43,1.5,2013
49500.00,44,3,2013
19800.00,44,2,2013
30950.00,45,4.6,2013
18900.00,45,2,2013
22900.00,45,2,2013
34500.00,45,2,2013
37500.00,45,2,2013
115000.00,47,4.6,2013
26800.00,47,2,2013
16800.00,47,1.2,2013
16800.00,47,1.2,2013
22900.00,48,2,2013
13700.00,48,1.4,2013
32950.00,50,5.7,2013
28500.00,50,2,2013
55555.00,50,2,2013
55555.00,50,2,2013
17200.00,50,1.6,2013
42900.00,51,3,2013
22200.00,51,2,2013
9000.00,51,1.6,2013
11500.00,51,1.6,2013
14850.00,51,1.6,2013
49500.00,52,3,2013
18600.00,52,2,2013
18700.00,52,2,2013
12400.00,52,1.6,2013
73500.00,53,6.3,2013
55555.00,53,2,2013
55555.00,53,2,2013
52300.00,55,3,2013
52300.00,55,3,2013
22800.00,55,2.5,2013
29500.00,55,2.2,2013
15800.00,56,1.4,2013
73900.00,57,4.4,2013
22500.00,57,2.5,2013
27000.00,57,2,2013
8500.00,57,1.2,2013
21000.00,58,2,2013
9000.00,59,1.6,2013
65000.00,60,4.5,2013
44600.00,60,3,2013
29000.00,60,2.2,2013
23900.00,60,2,2013
24950.00,60,1.8,2013
14300.00,60,1.6,2013
14700.00,61,1.5,2013
69500.00,62,4.4,2013
37700.00,62,3,2013
21800.00,63,2,2013
55555.00,63,2,2013
55555.00,63,2,2013
47000.00,64,3,2013
34900.00,64,2.2,2013
29500.00,64,1.6,2013
33950.00,65,5.7,2013
55000.00,65,2.99,2013
33500.00,65,2,2013
34900.00,65,2,2013
10650.00,65,1.6,2013
28600.00,66,2.2,2013
53700.00,67,3,2013
19800.00,67,2,2013
30000.00,67,2,2013
6900.00,68,1.5,2013
19995.00,68,1.4,2013
22600.00,69,3,2013
34000.00,69,2,2013
11750.00,69,1.6,2013
83000.00,70,3,2013
11500.00,70,2,2013
10200.00,70,1.5,2013
10000.00,71,1.2,2013
64900.00,73,3,2013
30500.00,73,2,2013
18600.00,73,1.6,2013
20700.00,74,2,2013
42700.00,75,3,2013
48000.00,75,3,2013
13000.00,75,2,2013
23000.00,75,2,2013
38500.00,75,2,2013
21000.00,79,1.6,2013
45000.00,80,4,2013
49700.00,80,3,2013
58500.00,80,3,2013
58500.00,80,3,2013
31500.00,80,2,2013
15500.00,80,1.4,2013
32900.00,82,2.7,2013
35900.00,84,3,2013
50900.00,85,3,2013
27000.00,85,2,2013
14800.00,85,1.4,2013
28999.00,86,3.5,2013
23700.00,86,1.8,2013
9800.00,86,1.2,2013
6800.00,87,1.4,2013
140000.00,88,5.46,2013
13900.00,89,1.5,2013
48000.00,90,3,2013
55500.00,90,3,2013
35000.00,92,2.8,2013
28350.00,92,2.2,2013
7999.00,92,1.5,2013
11750.00,93,1.6,2013
31500.00,95,2.2,2013
17900.00,96,2.5,2013
13500.00,97,2.2,2013
27800.00,98,2.2,2013
22000.00,98,2,2013
10000.00,98,1.6,2013
14700.00,98,1.6,2013
61000.00,100,4.5,2013
28800.00,100,3.2,2013
26500.00,102,2.5,2013
13700.00,103,2,2013
32000.00,103,2,2013
20500.00,105,2.5,2013
27000.00,105,2.5,2013
4000.00,105,2,2013
10450.00,106,2,2013
18800.00,106,1.6,2013
11999.00,107,2,2013
30999.00,108,2,2013
8650.00,108,1.6,2013
7600.00,108,1,2013
18000.00,110,2,2013
12800.00,116,2.2,2013
16800.00,116,2.2,2013
30900.00,118,2,2013
34000.00,118,2,2013
34000.00,119,2,2013
44700.00,120,3.5,2013
44700.00,120,3.5,2013
11950.00,120,1.4,2013
61500.00,121,3,2013
10499.00,121,1.5,2013
11400.00,122,2,2013
13900.00,122,1.4,2013
13900.00,123,1.4,2013
13500.00,124,2,2013
13500.00,124,2,2013
23660.00,125,3.5,2013
7600.00,125,1.5,2013
48000.00,126,3,2013
13995.00,126,2.2,2013
17000.00,127,3,2013
19600.00,127,1.8,2013
19600.00,127,1.8,2013
19600.00,127,1.8,2013
64000.00,128,4.5,2013
50499.00,128,3,2013
55000.00,128,3,2013
58500.00,128,3,2013
19500.00,128,1.8,2013
6800.00,131,1.5,2013
7100.00,135,1.5,2013
7800.00,139,1.5,2013
42900.00,140,3,2013
11300.00,141,1.5,2013
32000.00,144,3.6,2013
8900.00,144,1.6,2013
15800.00,146,2.5,2013
18000.00,147,2.2,2013
13995.00,147,1.6,2013
9900.00,149,1.6,2013
7900.00,149,1.5,2013
10200.00,149,1.5,2013
16800.00,149,1.4,2013
62000.00,150,3,2013
27500.00,150,2,2013
13499.00,154,2,2013
8500.00,157,1.5,2013
63000.00,160,3,2013
14499.00,164,2,2013
13600.00,164,1.5,2013
14899.00,165,2,2013
14900.00,165,1.4,2013
12500.00,167,2.2,2013
34500.00,167,2,2013
8800.00,168,1.2,2013
14600.00,169,2.3,2013
11600.00,169,1.4,2013
8950.00,170,1.6,2013
10500.00,170,1.6,2013
7800.00,170,1.5,2013
7100.00,171,1.5,2013
13600.00,172,2.2,2013
15200.00,173,2.3,2013
14300.00,175,2.2,2013
10299.00,176,2,2013
15500.00,178,2,2013
41000.00,180,3,2013
13400.00,190,1.5,2013
12500.00,195,1.6,2013
17999.00,260,2.2,2013
20500.00,800,2,2013
68700.00,980,3,2013
15900.00,1,2,2012
7200.00,1,1.5,2012
4200.00,1,1.4,2012
46900.00,10,2.2,2012
59999.00,11,4.7,2012
24500.00,11,2.5,2012
98000.00,12,5.2,2012
38600.00,12,1.8,2012
64999.00,15,3,2012
24999.00,24,2,2012
54500.00,29,3,2012
22900.00,34,2,2012
300000.00,37,5,2012
40500.00,37,3,2012
37000.00,37,2.8,2012
29500.00,37,1.8,2012
17500.00,38,1.8,2012
57777.00,40,4,2012
8000.00,41,1,2012
41500.00,42,2,2012
57000.00,43,4.7,2012
36700.00,43,3,2012
24300.00,43,1.8,2012
68500.00,44,6.3,2012
34000.00,44,3.5,2012
16200.00,44,1.4,2012
8750.00,46,1.6,2012
21500.00,47,2.4,2012
19000.00,47,2,2012
6900.00,47,1.4,2012
19999.00,48,2,2012
20100.00,48,2,2012
23500.00,48,2,2012
12500.00,48,1.6,2012
13500.00,48,1.4,2012
42500.00,50,3,2012
8000.00,50,1.6,2012
27400.00,52,3.5,2012
32000.00,52,3,2012
25500.00,52,2,2012
12400.00,52,1.4,2012
19200.00,54,1.4,2012
72000.00,55,6.3,2012
18900.00,56,2,2012
52777.00,60,3,2012
22900.00,60,2.5,2012
28950.00,60,2,2012
11450.00,60,1.6,2012
57000.00,61,4.6,2012
35000.00,61,2.8,2012
24500.00,62,2,2012
8900.00,62,1.6,2012
12300.00,62,1.4,2012
44800.00,63,4.4,2012
10888.00,63,2,2012
77000.00,64,4.4,2012
21999.00,65,2.5,2012
22000.00,65,2,2012
14800.00,65,1.6,2012
6999.00,65,1.4,2012
6299.00,66,1.5,2012
68000.00,67,4.5,2012
24000.00,67,1.8,2012
10500.00,67,1.6,2012
14100.00,67,1.6,2012
61990.00,68,4.5,2012
45200.00,68,3,2012
30990.00,68,2.7,2012
7200.00,69,1.4,2012
15000.00,69,1.4,2012
16999.00,69,1.4,2012
20900.00,70,2.5,2012
30900.00,70,2,2012
17900.00,70,1.4,2012
34500.00,71,2.8,2012
30900.00,71,2.2,2012
37900.00,73,3,2012
37900.00,73,3,2012
26200.00,73,2.5,2012
29999.00,73,2,2012
17400.00,73,1.8,2012
7200.00,73,1.5,2012
28500.00,74,1.8,2012
10600.00,75,1.6,2012
12500.00,75,1.4,2012
12700.00,75,1.2,2012
17500.00,76,1.8,2012
36800.00,77,3,2012
51500.00,77,3,2012
20999.00,77,2.5,2012
15900.00,77,1.4,2012
19400.00,78,2.4,2012
12499.00,78,2,2012
25200.00,78,2,2012
28900.00,78,2,2012
10400.00,78,1.6,2012
18500.00,79,3,2012
13900.00,79,1.6,2012
28700.00,80,3.5,2012
41000.00,80,3,2012
41000.00,80,3,2012
44000.00,80,3,2012
53999.00,80,2.99,2012
21999.00,80,2.5,2012
25999.00,80,2,2012
17999.00,80,1.8,2012
23999.00,80,1.8,2012
12000.00,81,2,2012
49900.00,82,3,2012
20900.00,82,2,2012
28900.00,83,3.5,2012
29900.00,83,2.2,2012
14200.00,83,2,2012
26850.00,84,3.2,2012
22900.00,84,2.5,2012
8600.00,84,1.5,2012
35500.00,85,3,2012
8800.00,86,1.6,2012
21900.00,88,2.5,2012
9500.00,88,1.6,2012
41900.00,89,4.5,2012
43900.00,89,3,2012
15500.00,89,2,2012
21500.00,89,2,2012
18800.00,89,1.8,2012
9500.00,89,1.6,2012
59900.00,90,4.5,2012
65000.00,90,4.5,2012
16030.00,90,2.5,2012
13900.00,90,1.6,2012
47777.00,91,3,2012
28700.00,92,3.5,2012
34000.00,92,3,2012
17900.00,92,1.4,2012
21000.00,93,2,2012
39500.00,93,2,2012
8800.00,93,1.6,2012
9300.00,94,2,2012
10999.00,95,1.6,2012
12179.00,95,1.5,2012
28500.00,97,3.5,2012
24900.00,97,1.8,2012
14700.00,97,1.4,2012
28700.00,100,3.5,2012
27500.00,100,2,2012
31000.00,100,2,2012
8600.00,100,1.5,2012
8499.00,101,1.6,2012
7200.00,101,1.5,2012
8200.00,102,1.6,2012
6700.00,102,1.5,2012
8910.53,103,1.4,2012
13950.00,104,1.2,2012
23600.00,105,2.5,2012
24000.00,105,2,2012
26000.00,105,2,2012
51900.00,106,3,2012
20600.00,107,1.8,2012
34500.00,108,3,2012
24000.00,108,2,2012
32500.00,108,2,2012
33000.00,109,2.2,2012
19000.00,109,1.8,2012
17650.00,110,1.8,2012
10999.00,110,1.6,2012
6750.00,110,1.5,2012
7000.00,110,1.4,2012
20350.00,111,2,2012
24999.00,112,2.2,2012
19900.00,112,2,2012
23400.00,112,2,2012
9700.00,114,1.5,2012
17900.00,115,1.8,2012
23300.00,115,1.8,2012
12800.00,116,2.2,2012
10990.00,118,2,2012
6700.00,118,1.5,2012
51000.00,119,4.7,2012
17900.00,119,2,2012
6800.00,119,1.5,2012
7400.00,120,1.5,2012
19100.00,120,1.4,2012
9000.00,120,1.2,2012
47300.00,121,3,2012
26600.00,122,3,2012
20900.00,122,2,2012
18999.00,122,1.8,2012
7200.00,123,1.5,2012
52000.00,124,3,2012
23900.00,124,1.8,2012
7300.00,125,1.5,2012
7700.00,125,1.5,2012
12800.00,125,1.1,2012
8999.00,126,2,2012
9850.00,126,2,2012
11000.00,127,1.6,2012
11000.00,127,1.5,2012
7700.00,128,1.5,2012
25000.00,130,3,2012
12999.00,130,2.2,2012
9000.00,130,1.6,2012
9800.00,130,1.6,2012
8500.00,130,1.5,2012
22900.00,132,2.7,2012
13300.00,132,1.5,2012
8950.00,133,1.6,2012
13700.00,134,2,2012
5950.00,135,1.5,2012
34900.00,136,2,2012
6400.00,136,1.5,2012
25500.00,137,2.2,2012
12000.00,137,1.5,2012
10900.00,138,2,2012
8200.00,139,1.5,2012
37990.00,140,3,2012
25500.00,140,2.8,2012
31500.00,140,2,2012
38500.00,140,2,2012
8950.00,140,1.6,2012
6750.00,140,1.5,2012
6799.00,140,1.5,2012
6900.00,140,1.5,2012
9950.00,140,1.4,2012
8350.00,141,1.5,2012
24700.00,142,2,2012
7150.00,142,1.5,2012
16450.00,143,2,2012
7950.00,144,2,2012
17500.00,144,1.4,2012
10400.00,144,1.3,2012
10499.00,146,2,2012
21500.00,146,1.8,2012
10800.00,146,1.6,2012
7200.00,146,1.5,2012
48550.00,147,4,2012
6450.00,148,1.5,2012
7440.00,148,1.5,2012
10500.00,148,1.5,2012
11700.00,150,2.3,2012
15900.00,150,2,2012
13200.00,150,1.4,2012
7650.00,151,1.5,2012
30500.00,152,3,2012
16500.00,152,2.2,2012
19999.00,152,2,2012
9555.00,152,1.6,2012
10600.00,153,1.6,2012
7300.00,154,1.5,2012
27300.00,155,2,2012
6750.00,155,1.5,2012
11100.00,155,1.5,2012
11700.00,155,1.5,2012
13900.00,156,2,2012
10800.00,156,1.6,2012
7400.00,156,1.5,2012
11499.00,157,2.2,2012
10777.00,157,1.6,2012
11200.00,157,1.5,2012
9000.00,158,2,2012
14899.00,158,2,2012
21500.00,159,1.8,2012
20800.00,160,2,2012
10000.00,160,1.6,2012
6700.00,160,1.5,2012
32500.00,162,3,2012
17800.00,162,1.8,2012
17800.00,162,1.8,2012
17800.00,162,1.8,2012
13499.00,162,1.4,2012
10100.00,164,2,2012
22500.00,164,1.8,2012
12700.00,164,1.6,2012
12750.00,164,1.4,2012
11800.00,165,2.2,2012
10950.00,165,2,2012
9999.00,165,1.6,2012
10500.00,165,1.5,2012
11200.00,165,1.5,2012
11600.00,165,1.5,2012
9100.00,166,2,2012
17900.00,167,2.2,2012
14500.00,168,2,2012
6800.00,168,1.5,2012
14900.00,170,1.6,2012
11500.00,170,1.5,2012
11500.00,170,1.5,2012
11900.00,173,2,2012
11400.00,174,2.2,2012
13999.00,175,2,2012
10900.00,175,1.5,2012
41500.00,176,3,2012
10750.00,176,2,2012
10500.00,176,1.6,2012
14800.00,177,2,2012
11700.00,177,1.5,2012
47900.00,178,4,2012
11800.00,179,1.5,2012
39800.00,180,4.2,2012
24500.00,180,2.2,2012
12900.00,180,2,2012
13999.00,180,2,2012
6300.00,180,1.5,2012
10900.00,180,1.5,2012
11100.00,180,1.5,2012
9900.00,181,1.6,2012
10200.00,183,2,2012
9600.00,184,2.2,2012
12499.00,184,2,2012
6600.00,184,1.5,2012
12250.00,185,2.2,2012
6500.00,186,1.5,2012
10800.00,187,2,2012
11999.00,188,1.5,2012
38000.00,189,3,2012
10900.00,189,2,2012
10100.00,190,2,2012
10799.00,193,1.5,2012
15800.00,194,2,2012
13200.00,196,2.2,2012
13500.00,198,1.5,2012
12950.00,199,2.2,2012
14500.00,205,2.2,2012
8950.00,206,1.6,2012
10999.00,207,2,2012
11500.00,210,2,2012
14900.00,211,2.2,2012
22500.00,213,2.2,2012
12700.00,213,2,2012
10999.00,216,1.5,2012
14600.00,217,2.2,2012
17500.00,220,3,2012
12850.00,226,2.3,2012
11500.00,230,1.5,2012
22000.00,236,2.2,2012
13000.00,247,2.2,2012
135000.00,1,4.5,2011
8350.00,1,1.6,2011
18000.00,18,1.6,2011
8700.00,21,1.6,2011
22000.00,26,1.8,2011
30900.00,27,2,2011
295000.00,29,6,2011
295000.00,29,6,2011
42500.00,29,3,2011
20800.00,31,2.4,2011
55000.00,34,2.2,2011
34900.00,35,3,2011
30500.00,40,2.7,2011
45555.00,42,3,2011
39999.00,45,3,2011
20800.00,49,3.5,2011
6400.00,51,1.6,2011
40500.00,54,5.5,2011
32300.00,54,2.8,2011
41000.00,55,3,2011
8500.00,55,1,2011
30800.00,56,2.7,2011
9000.00,56,1.6,2011
9800.00,56,1.5,2011
7900.00,56,1,2011
10500.00,57,1.5,2011
49000.00,58,4.4,2011
43500.00,59,4.6,2011
48900.00,60,3,2011
25000.00,60,2,2011
33000.00,60,2,2011
14500.00,60,1.2,2011
89000.00,61,4.5,2011
22500.00,62,2,2011
9500.00,62,1.2,2011
12350.00,64,2,2011
18100.00,64,2,2011
27300.00,65,2,2011
28500.00,65,1.8,2011
8260.00,65,1.5,2011
21600.00,66,2.5,2011
10000.00,66,1.6,2011
15000.00,66,1.2,2011
35500.00,67,3,2011
33500.00,67,2,2011
300000.00,68,6,2011
15700.00,68,1.8,2011
11900.00,68,1.5,2011
17500.00,69,2.5,2011
69999.00,71,4.4,2011
42000.00,71,2.99,2011
33300.00,71,2,2011
20500.00,73,2,2011
12000.00,73,1.6,2011
13300.00,73,1.4,2011
35000.00,74,4.2,2011
22900.00,74,2.2,2011
6500.00,74,2,2011
21000.00,74,2,2011
27500.00,74,2,2011
18500.00,74,1.8,2011
36100.00,75,3,2011
23500.00,75,2.5,2011
15500.00,75,2,2011
18900.00,75,1.8,2011
24500.00,77,1.8,2011
9500.00,77,1.6,2011
7999.00,78,1.5,2011
36400.00,80,3,2011
45000.00,80,3,2011
23000.00,80,2,2011
9900.00,80,1.6,2011
39900.00,82,3,2011
19500.00,82,1.8,2011
39900.00,84,5.5,2011
35999.00,84,3,2011
8400.00,84,1.5,2011
25999.00,86,3.2,2011
44999.00,87,3,2011
8500.00,87,1.6,2011
10400.00,87,1.6,2011
19400.00,88,2,2011
16000.00,89,1.8,2011
29999.00,90,3,2011
45000.00,90,3,2011
16000.00,90,2,2011
11700.00,90,1.5,2011
35800.00,92,3,2011
23300.00,93,2.7,2011
10500.00,93,1.5,2011
9300.00,94,1.5,2011
41900.00,95,6.3,2011
41900.00,95,6.3,2011
41900.00,95,6.2,2011
37000.00,95,4.4,2011
28000.00,95,3.5,2011
17000.00,95,2,2011
18990.00,95,2,2011
18999.00,95,2,2011
22400.00,96,2.5,2011
41000.00,97,4.4,2011
29999.00,97,3,2011
51000.00,97,3,2011
31900.00,97,2.2,2011
30000.00,97,2.14,2011
39600.00,98,3,2011
21000.00,98,2.5,2011
13999.00,98,2.2,2011
17700.00,98,2,2011
35500.00,99,2.99,2011
12300.00,99,2.5,2011
42500.00,100,5.5,2011
8400.00,100,3.2,2011
39999.00,100,3,2011
6500.00,101,2,2011
35999.00,102,4,2011
17500.00,102,2,2011
20000.00,102,1.8,2011
13700.00,103,2,2011
18800.00,105,2,2011
16999.00,105,1.8,2011
20500.00,106,1.8,2011
9600.00,106,1.6,2011
28500.00,107,3.5,2011
19999.00,107,1.8,2011
9600.00,107,1.6,2011
37700.00,108,3,2011
32800.00,109,3,2011
37500.00,110,4.4,2011
30500.00,110,3,2011
42500.00,110,3,2011
60500.00,110,3,2011
15700.00,110,1.8,2011
15700.00,110,1.8,2011
22000.00,110,1.8,2011
11500.00,110,1.6,2011
17800.00,111,2.4,2011
24100.00,112,3,2011
11900.00,112,2,2011
10600.00,113,1.5,2011
46700.00,115,5.5,2011
37200.00,115,3,2011
15000.00,115,2.2,2011
14100.00,115,2,2011
16200.00,116,2,2011
34900.00,117,3,2011
26900.00,118,2.7,2011
12500.00,118,1.6,2011
9999.00,118,1.2,2011
28900.00,120,3.5,2011
18300.00,120,2,2011
22800.00,122,2,2011
31500.00,123,2.2,2011
18500.00,125,2,2011
8999.00,125,1.6,2011
13500.00,126,4,2011
12900.00,127,1.6,2011
6500.00,127,1.5,2011
8300.00,127,1.5,2011
12800.00,127,1.5,2011
42000.00,128,4.4,2011
14999.00,128,1.4,2011
37000.00,130,3,2011
19800.00,130,2.5,2011
10650.00,130,2,2011
17595.00,131,2,2011
26999.00,131,2,2011
11000.00,131,1.5,2011
28000.00,132,2,2011
35900.00,132,2,2011
11900.00,132,1.4,2011
6600.00,134,1.5,2011
20000.00,135,2.5,2011
30000.00,135,2,2011
9000.00,135,1.6,2011
19300.00,136,2,2011
10750.00,136,1.5,2011
35500.00,137,3,2011
10300.00,138,2,2011
19000.00,139,2.4,2011
15880.00,139,1.4,2011
42500.00,140,5.5,2011
10600.00,140,2,2011
4999.00,140,1.4,2011
8300.00,141,2,2011
47777.00,142,3,2011
8400.00,143,1.6,2011
27300.00,144,2.14,2011
8800.00,145,2,2011
18700.00,145,2,2011
12900.00,145,1.6,2011
16900.00,145,1.4,2011
54000.00,147,4.5,2011
32500.00,148,3,2011
28500.00,148,2.2,2011
9600.00,148,1.6,2011
6300.00,149,1.5,2011
44000.00,150,4.2,2011
12500.00,150,1.5,2011
10200.00,151,1.5,2011
16400.00,152,2,2011
12800.00,153,1.6,2011
18000.00,155,2,2011
12700.00,156,1.6,2011
27800.00,157,3.5,2011
28700.00,160,3,2011
28700.00,160,3,2011
34500.00,160,3,2011
12999.00,160,2,2011
11300.00,160,1.5,2011
15900.00,160,1.4,2011
17500.00,160,1.4,2011
23500.00,161,2.2,2011
22800.00,161,2,2011
11900.00,162,2.3,2011
34600.00,163,5,2011
35500.00,165,4,2011
21900.00,166,2,2011
8900.00,167,2,2011
12650.00,167,2,2011
12800.00,167,1.6,2011
12350.00,167,1.4,2011
8599.00,169,1.6,2011
46000.00,170,4.2,2011
27900.00,170,3,2011
23500.00,170,2.2,2011
6800.00,170,2,2011
27500.00,170,2,2011
27800.00,170,2,2011
28000.00,170,2,2011
29000.00,170,2,2011
40000.00,170,2,2011
14900.00,170,1.6,2011
13566.00,171,2.2,2011
14500.00,171,2.2,2011
9900.00,171,1.6,2011
21800.00,172,2,2011
20500.00,173,1.8,2011
20500.00,173,1.8,2011
16700.00,175,2,2011
29900.00,175,2,2011
11500.00,175,1.5,2011
11999.00,176,2,2011
9100.00,176,1.5,2011
11850.00,177,2.2,2011
10950.00,177,2,2011
11950.00,177,1.5,2011
39000.00,180,3,2011
11500.00,180,2.2,2011
8100.00,180,2,2011
18000.00,180,2,2011
25300.00,180,2,2011
10950.00,180,1.5,2011
9000.00,181,1.6,2011
13200.00,182,2.2,2011
12300.00,182,2,2011
11300.00,183,2,2011
9300.00,184,1.5,2011
9600.00,184,1.5,2011
11300.00,184,1.5,2011
12900.00,185,2.2,2011
19000.00,185,2,2011
10500.00,185,1.5,2011
10500.00,185,1.5,2011
10500.00,185,1.5,2011
10900.00,185,1.4,2011
10900.00,185,1.4,2011
15200.00,185,1.4,2011
6450.00,186,1.5,2011
11500.00,189,2,2011
18300.00,190,2,2011
20400.00,190,1.8,2011
20400.00,190,1.8,2011
20400.00,190,1.8,2011
11111.00,190,1.5,2011
12700.00,193,2.2,2011
12800.00,193,2.2,2011
9990.00,194,1.6,2011
10550.00,195,2,2011
18100.00,195,2,2011
12000.00,196,2,2011
18700.00,196,2,2011
9800.00,196,1.6,2011
12700.00,198,2.2,2011
20300.00,198,1.8,2011
20300.00,198,1.8,2011
20300.00,198,1.8,2011
12700.00,199,2.2,2011
22500.00,200,2,2011
8500.00,200,1.6,2011
9300.00,200,1.6,2011
21200.00,206,2.1,2011
11900.00,215,2.2,2011
13700.00,222,2,2011
38000.00,223,3,2011
29500.00,230,3,2011
12800.00,230,2,2011
10500.00,250,1.5,2011
16500.00,260,2.2,2011
7500.00,280,1.6,2011
11800.00,1,1.5,2010
13850.00,24,1.6,2010
95000.00,30,5.2,2010
36000.00,40,3,2010
10700.00,57,1.3,2010
23200.00,58,1.8,2010
9000.00,59,2,2010
10700.00,60,1.4,2010
38900.00,65,4.5,2010
45500.00,65,4,2010
8500.00,65,1.3,2010
36000.00,66,3,2010
20200.00,69,2,2010
22000.00,73,3.5,2010
56800.00,74,6.3,2010
23500.00,74,2,2010
28500.00,74,2,2010
11000.00,74,1.4,2010
69900.00,76,6,2010
69900.00,76,6,2010
45500.00,76,4.4,2010
28900.00,78,3.5,2010
36900.00,81,3,2010
44000.00,82,5.5,2010
36900.00,82,3,2010
11700.00,82,1.5,2010
36300.00,83,3.5,2010
15000.00,85,4.8,2010
34500.00,85,3,2010
30000.00,85,2.7,2010
29900.00,86,3,2010
32500.00,86,3,2010
17950.00,87,2.4,2010
41000.00,88,4.2,2010
12900.00,89,2.5,2010
29500.00,90,2.7,2010
18900.00,90,2,2010
11900.00,91,1.4,2010
9200.00,92,2,2010
39900.00,94,4,2010
9350.00,94,1.5,2010
31990.00,95,4.7,2010
12999.00,95,1.6,2010
9950.00,95,1.4,2010
32000.00,96,3.5,2010
6700.00,96,1.4,2010
42000.00,97,4,2010
37900.00,97,3,2010
9800.00,98,1.6,2010
8350.00,98,1.5,2010
22500.00,99,2,2010
35500.00,100,3.5,2010
35500.00,100,3.5,2010
11500.00,100,2,2010
14900.00,100,1.8,2010
8700.00,100,1.5,2010
9999.00,100,1.5,2010
25500.00,103,3.5,2010
10850.00,103,2.5,2010
25900.00,104,2.8,2010
13500.00,104,1.8,2010
7199.00,104,1.5,2010
7900.00,105,1.5,2010
16500.00,107,2.2,2010
9200.00,107,1.6,2010
40500.00,108,5.5,2010
34900.00,110,4.4,2010
13900.00,111,2.5,2010
25000.00,112,3.2,2010
17500.00,113,2.2,2010
39500.00,115,4.4,2010
31800.00,115,3,2010
36500.00,115,3,2010
38700.00,117,5.5,2010
31111.00,117,4.4,2010
23700.00,117,2,2010
24800.00,118,3,2010
11400.00,118,1.4,2010
33800.00,120,3,2010
16500.00,123,1.8,2010
17900.00,123,1.8,2010
15800.00,123,1.4,2010
22700.00,125,2.2,2010
39900.00,126,5.5,2010
37800.00,126,3,2010
39900.00,127,5.5,2010
19990.00,127,2.8,2010
28000.00,127,2.5,2010
9600.00,128,1.9,2010
10799.00,128,1.9,2010
8900.00,128,1.4,2010
31500.00,130,3,2010
35500.00,130,3,2010
10500.00,130,1.9,2010
12750.00,130,1.4,2010
32500.00,131,2,2010
43999.00,132,3,2010
38500.00,134,3,2010
32500.00,134,2,2010
12900.00,136,1.6,2010
11450.00,140,2,2010
21950.00,141,2.7,2010
35900.00,143,3,2010
14800.00,143,2,2010
17500.00,144,2,2010
36000.00,145,3,2010
17800.00,145,2.2,2010
12090.00,145,1.6,2010
5300.00,145,1.5,2010
11999.00,147,2.4,2010
11800.00,148,2.2,2010
33200.00,150,4,2010
18400.00,151,2,2010
9700.00,152,2,2010
10700.00,153,2,2010
9300.00,154,2,2010
20500.00,155,3,2010
9200.00,155,1.5,2010
17000.00,157,2,2010
17000.00,158,2,2010
36500.00,159,3,2010
9300.00,159,2.2,2010
12350.00,159,2,2010
11250.00,159,1.4,2010
34500.00,160,3,2010
19999.00,160,2,2010
15900.00,160,1.8,2010
11500.00,160,1.5,2010
28000.00,163,2,2010
16800.00,164,2,2010
21500.00,165,2,2010
11300.00,165,1.9,2010
37000.00,170,3,2010
18500.00,170,2.2,2010
10700.00,171,1.9,2010
16300.00,175,2.2,2010
22500.00,175,2,2010
7200.00,177,1.9,2010
9000.00,179,1.5,2010
8900.00,180,1.9,2010
8200.00,180,1.6,2010
5400.00,181,1.5,2010
22800.00,184,2.7,2010
7300.00,186,1.5,2010
7850.00,187,1.5,2010
9500.00,189,2,2010
8200.00,192,1.5,2010
30900.00,195,3,2010
23800.00,195,2.2,2010
22900.00,197,2.2,2010
33000.00,200,3,2010
11500.00,200,2.2,2010
25800.00,203,2,2010
11990.00,210,1.1,2010
29000.00,213,3,2010
6700.00,216,1.5,2010
8100.00,219,2.5,2010
9250.00,220,1.5,2010
35500.00,235,3,2010
14400.00,237,2,2010
11999.00,240,1.6,2010
12300.00,248,1.9,2010
17777.00,250,2,2010
17777.00,250,2,2010
17777.00,250,2,2010
9750.00,253,1.9,2010
47700.00,810,4.7,2010
11600.00,24,1.6,2009
17999.00,35,2,2009
39000.00,38,3,2009
17999.00,38,2,2009
44000.00,39,5.5,2009
37700.00,47,5.7,2009
18800.00,47,2.4,2009
40000.00,48,4.4,2009
42000.00,59,4.4,2009
12750.00,59,2.4,2009
9800.00,65,1.6,2009
8000.00,67,1.5,2009
7450.00,68,1.2,2009
17700.00,70,2,2009
33333.00,73,4,2009
33333.00,73,4,2009
51500.00,75,6.3,2009
13200.00,79,2.4,2009
9800.00,81,2,2009
14299.00,83,2,2009
23500.00,83,2,2009
12999.00,84,2.4,2009
9200.00,84,2,2009
63000.00,86,5.5,2009
11300.00,87,1,2009
39000.00,88,4.5,2009
8900.00,90,1.9,2009
8400.00,91,1.5,2009
37500.00,94,5.5,2009
23900.00,96,3.5,2009
25900.00,97,4,2009
18700.00,97,3.2,2009
24996.00,98,3.2,2009
9900.00,98,2,2009
70500.00,99,5.5,2009
55000.00,100,6,2009
6450.00,100,1.5,2009
8999.00,100,1.5,2009
9500.00,100,1.5,2009
8900.00,100,1.4,2009
15500.00,102,3,2009
21900.00,107,3,2009
31999.00,107,3,2009
20500.00,109,3.2,2009
13000.00,110,1.9,2009
18900.00,111,2.5,2009
14100.00,113,2.4,2009
19300.00,113,1.8,2009
21900.00,114,3.2,2009
15300.00,116,2.4,2009
12000.00,121,2.4,2009
21000.00,122,3.2,2009
22000.00,123,3,2009
10400.00,123,2,2009
7499.00,123,1.5,2009
8700.00,123,1.5,2009
18300.00,125,2,2009
8900.00,125,1.8,2009
9500.00,125,1.6,2009
7500.00,128,1.5,2009
12900.00,129,1.8,2009
38300.00,130,5.7,2009
16700.00,131,2,2009
7500.00,131,1.6,2009
15200.00,132,2.5,2009
33700.00,134,4.4,2009
11500.00,134,2.4,2009
17300.00,135,3.5,2009
13300.00,135,3,2009
18500.00,135,3,2009
18700.00,136,2,2009
32000.00,138,3,2009
14100.00,138,2.2,2009
29000.00,139,3.5,2009
24900.00,140,5.5,2009
26900.00,140,4.8,2009
27800.00,140,3,2009
27900.00,140,3,2009
5650.00,140,1.4,2009
11900.00,143,2,2009
14000.00,144,2.2,2009
11900.00,144,1.6,2009
8600.00,145,2,2009
33000.00,147,3,2009
27300.00,149,5.46,2009
8900.00,150,2,2009
22500.00,151,3,2009
13300.00,152,2,2009
9200.00,156,1.9,2009
12200.00,157,2.4,2009
7600.00,158,2,2009
13300.00,158,2,2009
9750.00,159,1.9,2009
9800.00,160,1.9,2009
36000.00,162,3,2009
12200.00,164,2.5,2009
21700.00,167,3,2009
32500.00,168,3.2,2009
8300.00,168,1.6,2009
11000.00,171,1.9,2009
12900.00,177,2.4,2009
12399.00,177,2,2009
9000.00,178,1.9,2009
23900.00,180,3,2009
25500.00,181,3,2009
10900.00,185,1.9,2009
29500.00,189,3,2009
13600.00,190,2.2,2009
9000.00,190,1.5,2009
13999.00,198,2.4,2009
13600.00,199,2.2,2009
9300.00,200,1.5,2009
9650.00,200,1.4,2009
21000.00,210,4.2,2009
7300.00,212,1.5,2009
19700.00,220,2.2,2009
8300.00,221,1.5,2009
6999.00,222,1.5,2009
16500.00,223,2.2,2009
14500.00,229,2,2009
13200.00,230,2,2009
11800.00,230,1.9,2009
10500.00,233,1.5,2009
29900.00,235,3,2009
10600.00,240,2.5,2009
12999.00,250,1.9,2009
15800.00,264,2.2,2009
12450.00,1,2,2008
19990.00,1,2,2008
14000.00,1,1.8,2008
70000.00,21,6,2008
22900.00,25,3,2008
8700.00,38,1.6,2008
53500.00,46,5.5,2008
18800.00,47,3,2008
9200.00,48,1.5,2008
10600.00,52,2,2008
9900.00,55,2,2008
15200.00,58,2,2008
29500.00,63,4,2008
21999.00,69,3.5,2008
20900.00,69,2.7,2008
17900.00,69,2,2008
26500.00,70,3,2008
20800.00,70,2.7,2008
14300.00,71,2.4,2008
24000.00,73,4,2008
17800.00,73,3,2008
6300.00,73,1.5,2008
7500.00,74,1.3,2008
25500.00,77,3.5,2008
7500.00,79,1.6,2008
8200.00,79,1.6,2008
25000.00,80,4,2008
14400.00,80,2.4,2008
8700.00,80,1.5,2008
10100.00,83,1.6,2008
24990.00,85,5.5,2008
34999.00,85,5.5,2008
17900.00,87,3.8,2008
8900.00,87,1.6,2008
9150.00,87,1.6,2008
10400.00,87,1.6,2008
7245.00,87,1.4,2008
39900.00,88,6.2,2008
30500.00,89,6.3,2008
17000.00,89,3.8,2008
17900.00,89,3.8,2008
13000.00,90,5,2008
24800.00,90,4,2008
14500.00,90,3,2008
32900.00,90,3,2008
16999.00,90,2.5,2008
11800.00,90,1.8,2008
18500.00,90,1.8,2008
18800.00,90,1.8,2008
9500.00,90,1.6,2008
4900.00,90,1.4,2008
7900.00,91,1.5,2008
9800.00,92,2,2008
18900.00,93,3.8,2008
17500.00,94,1.8,2008
10500.00,95,3.2,2008
15000.00,95,2.5,2008
9300.00,95,2,2008
13250.00,96,2.4,2008
8900.00,96,2,2008
7600.00,97,1.6,2008
11499.00,98,2.4,2008
14700.00,98,2,2008
15850.00,98,2,2008
9800.00,98,1.6,2008
10200.00,99,2,2008
18000.00,99,1.8,2008
39500.00,100,4.5,2008
10500.00,100,1.8,2008
10800.00,100,1.8,2008
7700.00,100,1.6,2008
33900.00,102,5,2008
13900.00,102,3.5,2008
13900.00,102,3.5,2008
10200.00,102,2,2008
9500.00,103,1.6,2008
21335.00,105,3,2008
8800.00,105,2,2008
14900.00,106,2.4,2008
9950.00,106,1.6,2008
16999.00,107,3,2008
17300.00,107,1.8,2008
25999.00,108,4,2008
32000.00,108,3,2008
10300.00,108,1.6,2008
30500.00,110,4.4,2008
14900.00,110,3.5,2008
9500.00,110,3,2008
12700.00,110,2.4,2008
13300.00,110,2.4,2008
8500.00,110,2,2008
9000.00,110,2,2008
10300.00,110,1.9,2008
12999.00,111,3,2008
52999.00,112,4.2,2008
18000.00,112,3,2008
19500.00,112,2.5,2008
7999.00,112,2,2008
7300.00,112,1.6,2008
18500.00,114,2,2008
37500.00,115,5.7,2008
34000.00,115,5,2008
26900.00,115,4,2008
14999.00,115,3,2008
17555.00,115,3,2008
37500.00,115,3,2008
20000.00,115,2.5,2008
9200.00,115,2,2008
23000.00,115,1.8,2008
8900.00,115,1.6,2008
9200.00,115,1.6,2008
23500.00,116,4.2,2008
13499.00,116,2.4,2008
6300.00,116,1.5,2008
8500.00,116,1.5,2008
29900.00,117,3,2008
5600.00,117,1.5,2008
10600.00,118,1.8,2008
8950.00,118,1.6,2008
7150.00,118,1.5,2008
40000.00,119,6.3,2008
26900.00,119,4,2008
11100.00,119,2.4,2008
55000.00,120,5.5,2008
29000.00,120,4,2008
15500.00,120,3.5,2008
11800.00,120,3,2008
16900.00,120,3,2008
8999.00,120,2,2008
15500.00,120,2,2008
7800.00,120,1.5,2008
18999.00,121,3.8,2008
7300.00,121,1.6,2008
24500.00,122,4,2008
6900.00,122,1.6,2008
7900.00,123,1.4,2008
13200.00,124,3,2008
22500.00,124,3,2008
9400.00,124,2,2008
10500.00,124,1.8,2008
22999.00,125,4.2,2008
15700.00,125,3.5,2008
23000.00,125,3,2008
13400.00,125,2.4,2008
9450.00,125,2,2008
16800.00,125,1.8,2008
37600.00,126,4.7,2008
16900.00,126,3,2008
11700.00,126,2.4,2008
8600.00,126,1.6,2008
55000.00,127,5.5,2008
46500.00,127,5,2008
13900.00,127,3,2008
18900.00,127,3,2008
14500.00,127,2.4,2008
11300.00,128,2.4,2008
15500.00,129,3.5,2008
19900.00,129,2,2008
25700.00,130,4.7,2008
21000.00,130,2.5,2008
12700.00,130,2.4,2008
10500.00,130,2,2008
11500.00,130,2,2008
15300.00,130,2,2008
15500.00,130,2,2008
9700.00,130,1.6,2008
22900.00,131,5.5,2008
13300.00,131,2.4,2008
24000.00,132,4,2008
8650.00,132,1.6,2008
12000.00,133,2.4,2008
13300.00,133,1.8,2008
7000.00,133,1.6,2008
7650.00,133,1.5,2008
29500.00,134,5,2008
29500.00,135,5.5,2008
35000.00,135,5.5,2008
16950.00,135,3,2008
8500.00,135,1.5,2008
7500.00,135,1,2008
21900.00,136,3,2008
9500.00,136,2,2008
10900.00,136,1.8,2008
12900.00,137,2.4,2008
10200.00,137,1.9,2008
15900.00,138,3,2008
12100.00,138,2.5,2008
7500.00,138,1.3,2008
11999.00,139,3.5,2008
14700.00,139,3.5,2008
14800.00,139,3,2008
20300.00,139,3,2008
13500.00,139,2.4,2008
13900.00,139,2.4,2008
7700.00,139,1.5,2008
60000.00,140,5.5,2008
23500.00,140,4.8,2008
9599.00,140,1.8,2008
8900.00,140,1.6,2008
9400.00,140,1.6,2008
14700.00,141,3.5,2008
21500.00,142,3.5,2008
12499.00,142,2.4,2008
9950.00,142,1.8,2008
29900.00,144,4,2008
10250.00,144,2,2008
12800.00,145,2.4,2008
17499.00,145,1.8,2008
7300.00,145,1.6,2008
15500.00,146,2.4,2008
18200.00,147,3.2,2008
27500.00,147,3,2008
30500.00,147,3,2008
16000.00,147,2.5,2008
13600.00,147,2,2008
21500.00,148,6.2,2008
12900.00,148,3,2008
9800.00,148,2,2008
9400.00,148,1.8,2008
7400.00,148,1.6,2008
8700.00,148,1.4,2008
17200.00,149,4.7,2008
14900.00,149,3.5,2008
15999.00,149,3,2008
17499.00,149,3,2008
18950.00,149,3,2008
12199.00,149,2,2008
26900.00,150,5.5,2008
16500.00,150,3.5,2008
24300.00,150,3.5,2008
9300.00,150,2,2008
12900.00,150,2,2008
16700.00,150,2,2008
11115.00,150,1.6,2008
8650.00,150,1.4,2008
20800.00,151,3,2008
22999.00,152,4,2008
32500.00,152,3,2008
12000.00,152,1.8,2008
35000.00,154,3.2,2008
15000.00,154,2,2008
8900.00,154,1.6,2008
7999.00,154,1.5,2008
22000.00,155,2.7,2008
19200.00,155,2.5,2008
11000.00,156,1.8,2008
12900.00,157,1.8,2008
8200.00,157,1.6,2008
13500.00,158,2.4,2008
22500.00,159,5.2,2008
17800.00,159,3,2008
35500.00,160,6.5,2008
28500.00,160,4.8,2008
22000.00,160,4,2008
23200.00,160,4,2008
12300.00,160,2.5,2008
9350.00,160,2.2,2008
5200.00,160,1.4,2008
8999.00,161,2,2008
9999.00,161,2,2008
25500.00,163,4.8,2008
24900.00,163,4.2,2008
11500.00,163,2.5,2008
9200.00,163,2,2008
8200.00,164,1.4,2008
15600.00,165,3.5,2008
23000.00,167,3.6,2008
14500.00,167,3,2008
8500.00,168,1.6,2008
8900.00,169,1.9,2008
11500.00,169,1.8,2008
20999.00,170,4.8,2008
17500.00,170,3.8,2008
26900.00,170,3,2008
16500.00,171,2,2008
9200.00,171,1.6,2008
19500.00,172,3.5,2008
18999.00,173,3.8,2008
21000.00,173,3,2008
23499.00,174,4,2008
14900.00,175,3.5,2008
12300.00,175,2.5,2008
12900.00,176,2.5,2008
17800.00,177,4.2,2008
6400.00,177,2,2008
11500.00,177,2,2008
7700.00,177,1.9,2008
21500.00,178,3,2008
9000.00,178,2,2008
13333.00,178,2,2008
23500.00,180,4.8,2008
26999.00,180,4.8,2008
18500.00,180,3.5,2008
24500.00,180,3.2,2008
29500.00,180,3.2,2008
15900.00,180,3,2008
15900.00,180,3,2008
16900.00,180,3,2008
17500.00,180,3,2008
19500.00,180,3,2008
6000.00,180,2,2008
7600.00,180,2,2008
12800.00,181,2.4,2008
6400.00,181,2,2008
29900.00,182,3,2008
17000.00,184,3.6,2008
17300.00,184,1.8,2008
18500.00,185,3.6,2008
12200.00,185,3.5,2008
27300.00,185,3,2008
9300.00,185,1.6,2008
9600.00,185,1.6,2008
10500.00,185,1.6,2008
9999.00,185,1.5,2008
11700.00,185,1.4,2008
37000.00,186,5,2008
22600.00,187,3,2008
10500.00,187,2.4,2008
12000.00,187,2,2008
9400.00,187,1.6,2008
17900.00,188,2.5,2008
12800.00,188,2,2008
6300.00,189,1.5,2008
28500.00,190,3.2,2008
10150.00,190,2.2,2008
12500.00,190,1.9,2008
11500.00,192,1.9,2008
15200.00,193,3,2008
17500.00,194,3.2,2008
23500.00,200,5.5,2008
21999.00,200,3,2008
6000.00,200,2,2008
7300.00,200,1.5,2008
5800.00,200,1.46,2008
11300.00,202,2.7,2008
14900.00,203,2.8,2008
23999.00,204,3.5,2008
10600.00,204,1.8,2008
25800.00,205,3,2008
10800.00,206,2,2008
14500.00,207,2.2,2008
7100.00,208,1.5,2008
11500.00,209,2.2,2008
25500.00,210,3,2008
15500.00,210,2,2008
11000.00,210,1.9,2008
14490.00,212,2.2,2008
5950.00,213,1.6,2008
10000.00,214,2.5,2008
9450.00,215,1.5,2008
15500.00,216,2,2008
11800.00,218,1.9,2008
31000.00,220,3.2,2008
9800.00,220,1.9,2008
10000.00,220,1.9,2008
14900.00,221,2,2008
15200.00,227,2.5,2008
20000.00,230,6,2008
17200.00,230,3.2,2008
12000.00,230,2.2,2008
8500.00,230,1.9,2008
9900.00,230,1.9,2008
7000.00,231,1.6,2008
15300.00,234,2.2,2008
10000.00,234,2,2008
12500.00,238,2.2,2008
7900.00,238,2,2008
6600.00,240,1.9,2008
12500.00,242,2.2,2008
9700.00,245,2,2008
9700.00,247,2.4,2008
28000.00,250,3,2008
13300.00,250,2.5,2008
16000.00,250,2,2008
10200.00,253,2.5,2008
32500.00,254,3.2,2008
32000.00,255,3,2008
8800.00,260,2.5,2008
13200.00,260,2.2,2008
15400.00,260,2.2,2008
4600.00,265,1.5,2008
9200.00,266,2.2,2008
7900.00,268,1.5,2008
26000.00,270,4.8,2008
7200.00,270,1.9,2008
15000.00,275,2.5,2008
9500.00,275,2,2008
12900.00,290,1.9,2008
7500.00,317,1.9,2008
12800.00,360,2.2,2008
12500.00,386,2.2,2008
7500.00,440,2,2008
4100.00,1,3.5,2007
2500.00,1,2.5,2007
4500.00,1,1.5,2007
21900.00,25,2.5,2007
39900.00,29,6.3,2007
74900.00,32,6.3,2007
19900.00,52,1.8,2007
22000.00,53,3,2007
49000.00,56,5,2007
4999.00,60,1.6,2007
8400.00,60,1.39,2007
29900.00,71,5.5,2007
22500.00,71,3.6,2007
21500.00,72,3,2007
49900.00,79,4.2,2007
48900.00,82,4.2,2007
6800.00,82,2,2007
14500.00,82,2,2007
7200.00,83,1.6,2007
12500.00,84,2,2007
27500.00,85,4,2007
11500.00,85,1.8,2007
28500.00,86,5.5,2007
28500.00,90,5.5,2007
8100.00,91,1.6,2007
13900.00,93,3,2007
8500.00,93,1.6,2007
7500.00,94,1.6,2007
11550.00,95,2.4,2007
9300.00,95,2,2007
9500.00,95,2,2007
5400.00,96,1.4,2007
17900.00,98,3,2007
7500.00,98,1.4,2007
33900.00,100,5.5,2007
22500.00,100,3,2007
13500.00,100,2.4,2007
21700.00,101,2.5,2007
7200.00,102,1.6,2007
18200.00,103,2,2007
11700.00,103,1.5,2007
13300.00,104,2.4,2007
23400.00,105,4.2,2007
18900.00,106,3.8,2007
9300.00,107,1.8,2007
10700.00,109,1.8,2007
6900.00,109,1.3,2007
12500.00,110,2.4,2007
25250.00,112,4.5,2007
8100.00,112,2.4,2007
8100.00,113,2,2007
6999.00,113,1.5,2007
21300.00,114,4.7,2007
25000.00,115,5.7,2007
14474.00,115,2,2007
8000.00,115,1.6,2007
19999.00,117,4.2,2007
7300.00,117,1.4,2007
11500.00,118,2,2007
6900.00,118,1.6,2007
23500.00,119,4.2,2007
11500.00,119,2,2007
23400.00,120,4,2007
12500.00,120,2.5,2007
10600.00,120,2,2007
8999.00,120,1.9,2007
12900.00,121,2,2007
13700.00,122,2,2007
6200.00,122,1.5,2007
12800.00,123,3.5,2007
21700.00,125,3,2007
14250.00,127,3.5,2007
9200.00,127,1.6,2007
7600.00,127,1.4,2007
7200.00,127,1.39,2007
22700.00,128,4,2007
25200.00,128,4,2007
12500.00,128,2,2007
11900.00,129,2.5,2007
11990.00,129,2.4,2007
25000.00,130,5.5,2007
17900.00,130,3.6,2007
12000.00,130,3,2007
17500.00,130,3,2007
25500.00,130,3,2007
12700.00,130,2,2007
12900.00,130,2,2007
14700.00,131,3.5,2007
11700.00,131,2.4,2007
11900.00,131,2,2007
8700.00,131,1.6,2007
9600.00,132,1.6,2007
17900.00,133,2.7,2007
16900.00,133,2.5,2007
6500.00,133,1.6,2007
12900.00,134,2.4,2007
21200.00,135,4,2007
12400.00,135,3.5,2007
21000.00,135,3.5,2007
7700.00,135,2,2007
21500.00,135,2,2007
12700.00,136,3.5,2007
16500.00,136,3.2,2007
8300.00,136,1.6,2007
22000.00,138,4.8,2007
12500.00,138,3.5,2007
14500.00,138,2,2007
22700.00,140,5,2007
16999.00,140,4.2,2007
17900.00,140,3.8,2007
12500.00,140,3.5,2007
11960.00,140,2.5,2007
9500.00,140,2.4,2007
12200.00,140,2.4,2007
12999.00,140,2.4,2007
13300.00,140,2.4,2007
15500.00,140,2.4,2007
10600.00,140,2,2007
12700.00,140,1.7,2007
7500.00,140,1.5,2007
10100.00,142,2.4,2007
18700.00,142,2.2,2007
12900.00,142,2,2007
4200.00,142,1.9,2007
18500.00,143,5.5,2007
21300.00,143,3.2,2007
7900.00,143,2,2007
8700.00,143,2,2007
5800.00,143,1.5,2007
13500.00,144,3.5,2007
12400.00,145,3.2,2007
17900.00,145,3,2007
11700.00,145,2.4,2007
8000.00,145,2,2007
12500.00,146,1.8,2007
8400.00,147,2,2007
10700.00,147,2,2007
17300.00,148,3,2007
25500.00,148,3,2007
23333.00,150,4.2,2007
27300.00,150,4.2,2007
8700.00,150,2.4,2007
12500.00,150,2.4,2007
4900.00,150,2,2007
9500.00,150,2,2007
29800.00,151,3,2007
9100.00,151,1.6,2007
27500.00,152,6.3,2007
22000.00,152,4.2,2007
15400.00,152,3.5,2007
6500.00,152,1.6,2007
6800.00,152,1.6,2007
24999.00,153,4,2007
10200.00,153,2.5,2007
9999.00,154,2.2,2007
14200.00,155,3,2007
18300.00,155,3,2007
7550.00,155,2,2007
6700.00,155,1.6,2007
26200.00,156,4,2007
9900.00,156,1.6,2007
16999.00,157,2.7,2007
12300.00,157,2.4,2007
13300.00,157,2,2007
26900.00,158,5,2007
17000.00,158,2.5,2007
7000.00,158,1.6,2007
7200.00,159,1.6,2007
5800.00,159,1.5,2007
12999.00,160,3.5,2007
18000.00,160,3.2,2007
12700.00,160,3,2007
24800.00,160,3,2007
6999.00,160,2,2007
7299.00,160,2,2007
8200.00,160,2,2007
13699.00,160,2,2007
26800.00,162,5.5,2007
23900.00,162,4.8,2007
12450.00,162,3.5,2007
6000.00,162,1.4,2007
24500.00,163,5.5,2007
10800.00,165,3,2007
17700.00,165,3,2007
22600.00,165,3,2007
8800.00,165,1.8,2007
17900.00,167,3,2007
24500.00,170,4.8,2007
15200.00,170,2.8,2007
5900.00,170,1.6,2007
19700.00,172,3.6,2007
19200.00,173,5,2007
9555.00,174,2,2007
19500.00,175,3.6,2007
12500.00,175,2.4,2007
9600.00,175,2,2007
6150.00,175,1.6,2007
15499.00,177,2,2007
8300.00,177,1.5,2007
9900.00,178,2.5,2007
13000.00,178,2.5,2007
9800.00,178,1.8,2007
7200.00,178,1.6,2007
22500.00,179,3,2007
18200.00,179,2.5,2007
15400.00,179,2,2007
23000.00,180,3.6,2007
10500.00,180,3.5,2007
17300.00,180,3,2007
17800.00,180,3,2007
14500.00,180,2.5,2007
14200.00,180,2.2,2007
15500.00,180,2,2007
5700.00,180,1.5,2007
7400.00,181,2,2007
21900.00,183,4.2,2007
14900.00,183,3.6,2007
8500.00,184,2,2007
10200.00,185,1.8,2007
8900.00,185,1.6,2007
21000.00,186,3,2007
23900.00,187,5.5,2007
16400.00,187,4.8,2007
25500.00,187,4.8,2007
11800.00,189,2.4,2007
21300.00,190,6.3,2007
9999.00,190,3,2007
17900.00,190,3,2007
16500.00,190,2.2,2007
6900.00,190,1.6,2007
10900.00,191,2.2,2007
10999.00,191,2.2,2007
27000.00,192,3,2007
17900.00,192,2.5,2007
8450.00,193,1.6,2007
23999.00,194,3,2007
24500.00,195,4.8,2007
10700.00,195,3.2,2007
15200.00,195,3,2007
7500.00,195,1.6,2007
18800.00,197,4.2,2007
8100.00,198,1.6,2007
21600.00,200,4.8,2007
14999.00,200,4.2,2007
25500.00,200,4,2007
25500.00,200,4,2007
9900.00,200,2.5,2007
9250.00,200,2,2007
11800.00,200,1.9,2007
7300.00,200,1.5,2007
7400.00,200,1.5,2007
7700.00,200,1.5,2007
5000.00,200,1.4,2007
9700.00,201,2,2007
10900.00,204,2,2007
23800.00,205,4.2,2007
6250.00,205,1.6,2007
12500.00,207,1.9,2007
8000.00,207,1.6,2007
21000.00,208,3.5,2007
28500.00,210,3.2,2007
8200.00,210,2.4,2007
23000.00,211,4,2007
11700.00,211,2.2,2007
9000.00,212,2,2007
16999.00,213,3,2007
7777.00,214,2,2007
11999.00,215,2.2,2007
10300.00,215,1.9,2007
15900.00,216,5,2007
22700.00,216,4.8,2007
13900.00,216,2.2,2007
12800.00,217,1.8,2007
19900.00,218,3,2007
12000.00,218,2.2,2007
15900.00,219,3,2007
6800.00,219,1.6,2007
6700.00,220,2,2007
9150.00,220,2,2007
10000.00,220,2,2007
13800.00,222,3,2007
9000.00,223,2.5,2007
6650.00,223,1.9,2007
22000.00,225,3.5,2007
17990.00,230,3,2007
15000.00,230,2.5,2007
4600.00,230,1.5,2007
13899.00,232,3,2007
18900.00,232,3,2007
11999.00,235,3,2007
23900.00,235,3,2007
20500.00,235,2.2,2007
10300.00,235,2,2007
23000.00,240,4.2,2007
17835.00,240,2.7,2007
10900.00,240,2.5,2007
7400.00,242,1.5,2007
23500.00,245,3,2007
18000.00,245,2.5,2007
14200.00,245,2.2,2007
8100.00,245,2,2007
11990.00,245,2,2007
12400.00,248,2.5,2007
9200.00,248,1.9,2007
20900.00,250,3.2,2007
11300.00,250,2.5,2007
8400.00,250,2,2007
4999.00,252,1.5,2007
13500.00,259,3,2007
21700.00,259,3,2007
11300.00,260,3.5,2007
4900.00,263,2,2007
8200.00,265,2.5,2007
10700.00,265,2,2007
16800.00,266,3,2007
15500.00,270,3.2,2007
10500.00,270,2.5,2007
9400.00,270,2,2007
8900.00,274,2,2007
11900.00,277,2.2,2007
10600.00,285,2,2007
13500.00,290,2.2,2007
8000.00,300,2.5,2007
9900.00,300,2.5,2007
11000.00,300,2.2,2007
12250.00,300,2.2,2007
11500.00,307,2.2,2007
9999.00,310,2.5,2007
17977.00,322,3,2007
7700.00,390,3,2007
18500.00,1,3.5,2006
11299.00,1,2.2,2006
3500.00,1,2,2006
2650.00,1,1,2006
9600.00,30,2.2,2006
3500.00,30,1.4,2006
11500.00,72,2.4,2006
30500.00,72,2,2006
9000.00,78,2.4,2006
8200.00,82,1.3,2006
6900.00,92,1.3,2006
7500.00,98,1.3,2006
4800.00,100,1.4,2006
18700.00,105,5.5,2006
13400.00,105,1.8,2006
20800.00,107,4,2006
5999.00,108,1.3,2006
21900.00,110,4,2006
9200.00,110,2.4,2006
9850.00,110,2,2006
5600.00,112,1.5,2006
4999.00,114,1.4,2006
18000.00,117,2.5,2006
6000.00,118,1.3,2006
17777.00,120,2.7,2006
9700.00,120,2.4,2006
10200.00,120,2,2006
14900.00,124,4,2006
17500.00,125,3,2006
6300.00,126,1.6,2006
7100.00,127,2,2006
6400.00,127,1.6,2006
10200.00,129,2,2006
21000.00,130,2.5,2006
10500.00,130,2.4,2006
12200.00,130,2.4,2006
9900.00,130,2.3,2006
13500.00,131,2.4,2006
11100.00,132,2.4,2006
7500.00,132,1.4,2006
12300.00,135,2.4,2006
20000.00,135,2.4,2006
7300.00,137,1.6,2006
13000.00,140,2,2006
7999.00,141,1.5,2006
11500.00,142,2.4,2006
7300.00,142,2,2006
18200.00,146,2.7,2006
14500.00,147,2.4,2006
8300.00,147,1.6,2006
9300.00,148,2,2006
13000.00,149,2,2006
10700.00,150,1.9,2006
5600.00,151,1.5,2006
40000.00,152,5,2006
24000.00,152,4,2006
6200.00,152,1.6,2006
18999.00,153,2.7,2006
5500.00,153,1.6,2006
16800.00,154,3,2006
10200.00,154,2.5,2006
9300.00,156,2.4,2006
5100.00,156,1.5,2006
19500.00,157,3.5,2006
13000.00,157,3,2006
7700.00,157,1.9,2006
16555.00,159,3.5,2006
13800.00,160,3.5,2006
12500.00,160,2.5,2006
4700.00,160,2,2006
7500.00,160,2,2006
4100.00,160,1.8,2006
8900.00,160,1.6,2006
5750.00,160,1,2006
12500.00,161,2,2006
6700.00,161,1.6,2006
7300.00,162,1.5,2006
14000.00,164,3,2006
12500.00,165,2.4,2006
7899.00,165,1.8,2006
5500.00,165,1.6,2006
9800.00,165,1.6,2006
15500.00,167,3.2,2006
7900.00,168,1.9,2006
21800.00,170,4,2006
24500.00,170,3,2006
13900.00,170,1.9,2006
9300.00,170,1.8,2006
5700.00,170,1.3,2006
14900.00,171,3.2,2006
6999.00,173,1.5,2006
16000.00,174,3.2,2006
8300.00,175,3.2,2006
9000.00,175,3,2006
14300.00,175,3,2006
14500.00,178,3,2006
11200.00,179,2.4,2006
16300.00,180,3.2,2006
16000.00,180,3,2006
17200.00,180,3,2006
4000.00,180,1.4,2006
8900.00,181,1.9,2006
9999.00,182,1.6,2006
10500.00,183,2.5,2006
7600.00,183,1.9,2006
20900.00,185,4.2,2006
6800.00,185,1.6,2006
19500.00,186,4.2,2006
12000.00,186,3.2,2006
5800.00,186,1.6,2006
9500.00,188,1.9,2006
7400.00,189,1.6,2006
10800.00,190,3,2006
11950.00,190,3,2006
6500.00,190,1.9,2006
11500.00,191,3,2006
20500.00,193,3.5,2006
9200.00,195,2,2006
11700.00,197,3,2006
13900.00,197,2,2006
13700.00,198,3.2,2006
13100.00,200,3.5,2006
8000.00,200,2.7,2006
14200.00,200,2.7,2006
8750.00,200,2.5,2006
12850.00,200,2.5,2006
12900.00,200,2.5,2006
9000.00,200,2,2006
10999.00,200,1.8,2006
12500.00,201,2,2006
9900.00,201,1.9,2006
12600.00,205,2.4,2006
9500.00,205,2,2006
8800.00,205,1.9,2006
15200.00,208,2,2006
14899.00,209,3,2006
7000.00,210,3,2006
11800.00,210,3,2006
15250.00,210,2.2,2006
24750.00,212,5.5,2006
9500.00,212,1.9,2006
17000.00,215,3.8,2006
19000.00,215,3,2006
18500.00,217,3,2006
6950.00,217,1.9,2006
12000.00,218,3,2006
19800.00,218,3,2006
11800.00,218,2,2006
4900.00,218,1.5,2006
16200.00,219,2.7,2006
10600.00,220,2.5,2006
17200.00,220,2.5,2006
20500.00,222,5.5,2006
20500.00,222,5.5,2006
10000.00,224,2.5,2006
7600.00,226,3,2006
19999.00,227,3,2006
7700.00,228,1.9,2006
20900.00,230,3,2006
7500.00,230,1.9,2006
10800.00,230,1.8,2006
23000.00,233,4,2006
50000.00,240,3.5,2006
14700.00,240,3.2,2006
15300.00,240,2.2,2006
5900.00,243,2,2006
3200.00,244,2,2006
15000.00,245,3,2006
18500.00,245,3,2006
10500.00,246,2.5,2006
13500.00,250,3,2006
15300.00,250,2.5,2006
8000.00,250,2.2,2006
10600.00,250,2.2,2006
5700.00,250,2,2006
8800.00,250,1.9,2006
5100.00,250,1.3,2006
18400.00,256,3,2006
11200.00,260,3.2,2006
18700.00,260,3,2006
5000.00,265,2,2006
10999.00,269,2.2,2006
10900.00,273,2,2006
6650.00,274,1.5,2006
10000.00,275,2.15,2006
15000.00,280,2.8,2006
10200.00,280,1.8,2006
11000.00,282,2.5,2006
20500.00,285,4.8,2006
19999.00,290,4.8,2006
7900.00,300,1.9,2006
3500.00,304,1.9,2006
8650.00,344,2.2,2006
7000.00,345,1.9,2006
8999.00,360,2.2,2006
10900.00,360,2.2,2006
11500.00,381,2.2,2006
16500.00,386,2.2,2006
8800.00,575,2.2,2006
6000.00,1,1.9,2005
7150.00,1,1.5,2005
6700.00,16,2,2005
18900.00,50,3.5,2005
8100.00,90,1.9,2005
20000.00,94,4.5,2005
19900.00,95,4.5,2005
9000.00,95,1.6,2005
35500.00,99,5,2005
7000.00,99,1.6,2005
28000.00,100,5,2005
10200.00,105,1.5,2005
5700.00,120,1.3,2005
16500.00,122,2.2,2005
7300.00,125,1.6,2005
9999.00,127,2.2,2005
6100.00,130,1.4,2005
9750.00,130,1.4,2005
5850.00,130,1.3,2005
10000.00,131,1.8,2005
18777.00,134,4.4,2005
14990.00,135,2.5,2005
27000.00,137,5,2005
20500.00,139,4,2005
12800.00,140,2.2,2005
12300.00,140,2,2005
11600.00,142,2,2005
5900.00,142,1.6,2005
19500.00,150,4,2005
8420.00,150,2.7,2005
13999.00,150,2.5,2005
16500.00,150,2.5,2005
5999.00,150,1.6,2005
8300.00,151,2,2005
8950.00,154,3.5,2005
16800.00,154,2.7,2005
8900.00,155,1.5,2005
11900.00,160,2.5,2005
12700.00,160,2.4,2005
5500.00,160,1.5,2005
18900.00,161,2.7,2005
8300.00,161,2,2005
15500.00,165,2.7,2005
16800.00,165,2.7,2005
11900.00,167,1.8,2005
6300.00,167,1.6,2005
7400.00,168,1.9,2005
7500.00,168,1.5,2005
11500.00,170,3,2005
8900.00,170,1.9,2005
5900.00,171,1.5,2005
8888.00,172,1.8,2005
14500.00,173,2.5,2005
17600.00,174,4,2005
10000.00,174,2,2005
8100.00,175,3,2005
8000.00,175,2,2005
14200.00,176,3,2005
7170.00,176,2,2005
9300.00,176,1.9,2005
9400.00,176,1.9,2005
10800.00,179,3,2005
6200.00,180,2,2005
7990.00,180,1.8,2005
6555.00,180,1.5,2005
15000.00,184,2.7,2005
15000.00,185,3.7,2005
10600.00,185,2,2005
10200.00,186,2,2005
8000.00,189,1.9,2005
19200.00,190,2.7,2005
13000.00,191,1.8,2005
8800.00,193,2.5,2005
6700.00,193,1.6,2005
11900.00,195,2.4,2005
13500.00,196,2.4,2005
10500.00,198,4.2,2005
18100.00,200,4.8,2005
10500.00,200,2.7,2005
13700.00,200,2.5,2005
8800.00,200,1.9,2005
5400.00,200,1.6,2005
5950.00,200,1.5,2005
8350.00,200,1.4,2005
6300.00,202,1.5,2005
8200.00,204,1.4,2005
13500.00,205,2.7,2005
8100.00,206,1.9,2005
6400.00,209,1.5,2005
17500.00,210,3,2005
17800.00,210,3,2005
7000.00,210,1.5,2005
4000.00,215,1.9,2005
8500.00,216,1.9,2005
13200.00,217,3.7,2005
14300.00,217,3,2005
9000.00,217,2.5,2005
8800.00,217,1.9,2005
14750.00,220,3,2005
13000.00,220,2.5,2005
9500.00,220,2.2,2005
4500.00,220,2,2005
8500.00,220,2,2005
10500.00,220,2,2005
24500.00,222,5.5,2005
10700.00,222,2.5,2005
10900.00,225,2.4,2005
7800.00,226,1.9,2005
6650.00,227,1.5,2005
3999.00,227,1.4,2005
6200.00,228,2.5,2005
5600.00,230,2.7,2005
5800.00,230,1.6,2005
15800.00,231,3.5,2005
10000.00,231,1.9,2005
9000.00,232,2.4,2005
13000.00,235,3.2,2005
5200.00,235,2,2005
12999.00,237,2.5,2005
12999.00,237,2.5,2005
4500.00,240,3.2,2005
10999.00,240,2.5,2005
7600.00,240,2.2,2005
5150.00,240,2,2005
7300.00,240,1.9,2005
14800.00,242,2.7,2005
6200.00,246,1.4,2005
8400.00,248,2.5,2005
9500.00,248,2.2,2005
5200.00,248,2,2005
16800.00,249,5,2005
18500.00,250,4.4,2005
11400.00,250,2.5,2005
7300.00,250,2.2,2005
9400.00,250,2.2,2005
11000.00,250,2.2,2005
5900.00,250,1.9,2005
3300.00,250,1.5,2005
12900.00,255,2.5,2005
3300.00,256,1.5,2005
16300.00,258,4.4,2005
7750.00,259,3,2005
12800.00,260,2.7,2005
3400.00,260,2.2,2005
7650.00,260,2,2005
5200.00,260,1.9,2005
8400.00,260,1.9,2005
10999.00,263,2.2,2005
13999.00,265,3,2005
17800.00,265,3,2005
13900.00,272,2.2,2005
8900.00,272,1.9,2005
9900.00,275,2.2,2005
5950.00,277,1.5,2005
11800.00,278,2.5,2005
5900.00,278,1.9,2005
18000.00,280,3,2005
8000.00,280,2.2,2005
9500.00,280,2.2,2005
11200.00,280,2.2,2005
7500.00,280,1.8,2005
7000.00,280,1.5,2005
10000.00,283,2.5,2005
8700.00,290,2.2,2005
4300.00,300,2.2,2005
14500.00,300,2.2,2005
13700.00,300,2,2005
6950.00,310,2.5,2005
12100.00,310,2.2,2005
9999.00,345,3,2005
14000.00,360,2.2,2005
13000.00,580,2.2,2005
9500.00,650,2.2,2005
11200.00,1,4.2,2004
6700.00,1,2.2,2004
9750.00,1,1.9,2004
6750.00,1,1.5,2004
14300.00,80,4.2,2004
15000.00,82,1.8,2004
24700.00,85,4.4,2004
11900.00,110,2.57,2004
14600.00,116,2.5,2004
15300.00,120,2.6,2004
1800.00,123,1.9,2004
25555.00,128,4.7,2004
16500.00,130,2.7,2004
6950.00,132,1.6,2004
14200.00,135,3,2004
4000.00,137,2.5,2004
15000.00,137,2.2,2004
13500.00,138,2.5,2004
15250.00,144,3,2004
11800.00,150,2.2,2004
13200.00,150,2.2,2004
6000.00,150,1.8,2004
2200.00,155,1.6,2004
4100.00,160,1.6,2004
6200.00,161,4.2,2004
8150.00,162,2,2004
17500.00,168,4,2004
8300.00,168,2,2004
7900.00,170,3,2004
6500.00,170,1.6,2004
6800.00,170,1.6,2004
4950.00,170,1.5,2004
5700.00,176,1.6,2004
7300.00,176,1.4,2004
20900.00,180,4.7,2004
11500.00,180,3.2,2004
7500.00,180,2.5,2004
7700.00,180,1.8,2004
7000.00,180,1.6,2004
12799.00,181,2.2,2004
8700.00,183,1.9,2004
13900.00,184,3,2004
7500.00,185,3,2004
7000.00,185,2.8,2004
6500.00,186,1.5,2004
17100.00,188,3,2004
4350.00,188,1.5,2004
19500.00,190,6,2004
8999.00,190,2.7,2004
14000.00,194,3.2,2004
16100.00,194,3,2004
8400.00,195,2.4,2004
6999.00,195,1.4,2004
6000.00,195,1.2,2004
11200.00,198,6,2004
11200.00,198,6,2004
8899.00,198,1.9,2004
4900.00,198,1.6,2004
4350.00,198,1.5,2004
10900.00,199,3,2004
12000.00,200,6,2004
7200.00,200,2.2,2004
9999.00,200,1.8,2004
7900.00,206,2.2,2004
13300.00,207,4.2,2004
6700.00,207,1.9,2004
12500.00,208,3.2,2004
7450.00,208,1.9,2004
10500.00,210,5,2004
4200.00,210,2,2004
7999.00,210,1.6,2004
8700.00,212,3,2004
6300.00,213,2.5,2004
6750.00,214,1.5,2004
8300.00,217,1.9,2004
3000.00,217,1.4,2004
14800.00,218,3.2,2004
11400.00,220,5,2004
14500.00,220,5,2004
5200.00,220,3.2,2004
17800.00,220,3,2004
7700.00,220,2.8,2004
8000.00,220,2.4,2004
2499.00,220,1.9,2004
4200.00,220,1.5,2004
4400.00,220,1.5,2004
9400.00,221,4.4,2004
6200.00,221,1.8,2004
7200.00,224,1.5,2004
9999.00,225,3,2004
12999.00,225,2.5,2004
9500.00,225,2.4,2004
6000.00,225,1.5,2004
7600.00,225,1.4,2004
7000.00,227,3,2004
16500.00,230,3,2004
9600.00,230,2.5,2004
8300.00,230,2.2,2004
9800.00,230,2.15,2004
9100.00,230,2,2004
7800.00,230,1.6,2004
8000.00,234,4.2,2004
7750.00,235,1.9,2004
16800.00,238,4,2004
8200.00,238,3,2004
15000.00,240,5,2004
5000.00,240,2.2,2004
8000.00,245,2.2,2004
11700.00,246,5,2004
4150.00,249,2.5,2004
9700.00,249,2.5,2004
18700.00,250,4.7,2004
16800.00,250,3,2004
7000.00,250,2,2004
35900.00,254,5,2004
7999.00,255,2.2,2004
9600.00,255,1.9,2004
6900.00,258,2.5,2004
8200.00,258,1.9,2004
12900.00,260,3,2004
5500.00,260,2.2,2004
3400.00,261,2.5,2004
14200.00,263,3,2004
10500.00,266,5,2004
12950.00,268,4,2004
13700.00,270,4.6,2004
3700.00,270,3.5,2004
7200.00,270,3,2004
8500.00,270,2.2,2004
13700.00,276,3,2004
16500.00,280,3.7,2004
8500.00,281,2.2,2004
11700.00,284,4,2004
8800.00,284,3,2004
9900.00,284,2.5,2004
10900.00,287,2.5,2004
7700.00,290,2.2,2004
6500.00,290,1.9,2004
10399.00,293,1.8,2004
12600.00,294,3,2004
15000.00,295,2.8,2004
12000.00,298,5,2004
6100.00,300,3.2,2004
8400.00,300,2.5,2004
11900.00,300,2.5,2004
8800.00,300,2.4,2004
7700.00,300,2.2,2004
4500.00,305,1.5,2004
14500.00,315,5,2004
8500.00,350,2.2,2004
8000.00,350,1.9,2004
7000.00,350,1,2004
11300.00,363,3.2,2004
4500.00,380,2,2004
6500.00,406,2.5,2004
3700.00,420,2,2004
4300.00,1,1.5,2003
20500.00,56,5,2003
7990.00,90,1.4,2003
5900.00,92,1.6,2003
9900.00,93,2.5,2003
6900.00,113,1.4,2003
4700.00,124,1.5,2003
6300.00,125,2,2003
7900.00,148,1.8,2003
10999.00,150,2,2003
3100.00,150,1.9,2003
8900.00,153,2,2003
8700.00,158,2.5,2003
9000.00,158,2,2003
18400.00,160,4.7,2003
13100.00,160,3.7,2003
9500.00,160,2.7,2003
6900.00,160,1.6,2003
9500.00,165,2.7,2003
13000.00,165,2.2,2003
4650.00,165,1.5,2003
11800.00,167,3.2,2003
4750.00,167,1.6,2003
15300.00,168,3.2,2003
2500.00,170,1.9,2003
3400.00,175,1.4,2003
30000.00,176,5.5,2003
32000.00,176,3.2,2003
7999.00,177,2.7,2003
5900.00,180,3,2003
10200.00,180,2.4,2003
8900.00,180,2,2003
2200.00,180,1.9,2003
9000.00,180,1.8,2003
4200.00,180,1.4,2003
7350.00,180,1.4,2003
13200.00,182,2.7,2003
11600.00,186,3.2,2003
9700.00,189,2.5,2003
4400.00,190,2.5,2003
9999.00,190,2.5,2003
4599.00,190,1.5,2003
6950.00,192,2,2003
13000.00,193,3.6,2003
3300.00,193,1.9,2003
15700.00,195,4,2003
7500.00,196,1.59,2003
7900.00,197,2.2,2003
9999.00,198,2.7,2003
9000.00,199,2.7,2003
2150.00,199,1.9,2003
8999.00,200,2.7,2003
11200.00,200,2.5,2003
1700.00,200,2,2003
8500.00,200,1.9,2003
6200.00,200,1.8,2003
5200.00,200,1.6,2003
8800.00,205,1.8,2003
11400.00,206,3,2003
4500.00,206,2.5,2003
10000.00,206,2.5,2003
7300.00,207,2.2,2003
8000.00,207,1.9,2003
4500.00,207,1.5,2003
8500.00,210,2.5,2003
8200.00,212,2,2003
6500.00,212,1.6,2003
11800.00,215,3.2,2003
4200.00,215,2.5,2003
5800.00,217,2,2003
13000.00,220,5,2003
11300.00,220,3.2,2003
8500.00,220,2.5,2003
9300.00,220,2.5,2003
5000.00,220,1.4,2003
11500.00,224,2.6,2003
20500.00,225,4.7,2003
10999.00,225,3,2003
5750.00,225,2,2003
12500.00,230,3.2,2003
3099.00,230,3,2003
4000.00,230,2,2003
5700.00,230,2,2003
8400.00,230,1.8,2003
3900.00,232,2.5,2003
13500.00,233,3,2003
4200.00,236,2.5,2003
12000.00,237,3,2003
2999.00,239,1.9,2003
8800.00,240,1.9,2003
4999.00,242,2.5,2003
10500.00,243,2.5,2003
10900.00,245,3,2003
2350.00,245,1.9,2003
2999.00,245,1.5,2003
5000.00,245,1.5,2003
10800.00,246,3,2003
12999.00,247,4,2003
3900.00,247,2.5,2003
4900.00,248,2.2,2003
5400.00,250,3,2003
5500.00,250,2.7,2003
9200.00,250,2.4,2003
9999.00,250,2.4,2003
5500.00,250,2.2,2003
9700.00,250,2,2003
6800.00,250,1.7,2003
5400.00,250,1.6,2003
29500.00,253,5,2003
13700.00,254,3,2003
12900.00,255,2.7,2003
3250.00,255,1.9,2003
9800.00,257,2.5,2003
2900.00,257,1.9,2003
24500.00,260,4.7,2003
16700.00,260,4.4,2003
3900.00,260,2.5,2003
8700.00,260,2.2,2003
8400.00,260,1.8,2003
10250.00,261,1.8,2003
13900.00,262,4,2003
8900.00,264,2.5,2003
4300.00,267,1.9,2003
9200.00,268,2.5,2003
11700.00,270,3,2003
5900.00,271,2.7,2003
3700.00,273,2.5,2003
11900.00,273,2.5,2003
7900.00,274,1.8,2003
13950.00,278,3,2003
9200.00,280,2.4,2003
10999.00,281,3,2003
10500.00,285,1.8,2003
4000.00,287,4,2003
5000.00,289,2,2003
12600.00,300,2.7,2003
12300.00,300,2.2,2003
4299.00,300,1.5,2003
17200.00,308,4.6,2003
4200.00,310,1.4,2003
12950.00,313,3.2,2003
2850.00,315,2.2,2003
11000.00,319,2.2,2003
7650.00,325,1.8,2003
9300.00,342,2.6,2003
7500.00,350,2.2,2003
4100.00,350,1.9,2003
8700.00,357,2.5,2003
13300.00,358,5,2003
2350.00,380,1.9,2003
7500.00,406,2.2,2003
11900.00,1,2.8,2002
2400.00,1,2,2002
3100.00,1,2,2002
13900.00,80,3,2002
9999.00,80,2.3,2002
2600.00,110,2.5,2002
4999.00,131,1.4,2002
8300.00,140,3,2002
2800.00,140,1.4,2002
30500.00,150,5.5,2002
13500.00,150,4.7,2002
6350.00,156,4.4,2002
2600.00,160,2.5,2002
11500.00,161,2.5,2002
10999.00,162,2.2,2002
13900.00,168,5,2002
4650.00,170,1,2002
8000.00,176,3,2002
12500.00,176,3,2002
9500.00,180,3.2,2002
10800.00,180,2,2002
5300.00,182,2.5,2002
3500.00,185,2,2002
2300.00,189,1.8,2002
3800.00,190,2.5,2002
7400.00,190,2,2002
4100.00,190,1.9,2002
10800.00,191,2.2,2002
3400.00,191,2,2002
7800.00,193,1.9,2002
12800.00,194,4.4,2002
39000.00,195,5,2002
6200.00,196,2.2,2002
12950.00,197,2.7,2002
7000.00,197,2.2,2002
9000.00,198,4,2002
2600.00,200,2.4,2002
7500.00,200,2.2,2002
4300.00,200,2,2002
8200.00,200,2,2002
2300.00,200,1.9,2002
7800.00,200,1.9,2002
3500.00,201,1.9,2002
8800.00,205,2,2002
4800.00,207,2,2002
3850.00,215,2.5,2002
10900.00,217,3.2,2002
9500.00,217,2.2,2002
12600.00,219,3.6,2002
2700.00,220,2.5,2002
5500.00,220,2.2,2002
7800.00,220,1.8,2002
8999.00,221,4.5,2002
3600.00,221,3,2002
9000.00,225,2.2,2002
12500.00,230,5,2002
6499.00,230,3,2002
11990.00,231,2.5,2002
11990.00,231,2.5,2002
4999.00,231,1.9,2002
7900.00,234,2.2,2002
8650.00,238,2.5,2002
2900.00,238,2,2002
14000.00,240,4.4,2002
4300.00,240,2.5,2002
7500.00,240,2,2002
7500.00,240,1.8,2002
7900.00,242,2,2002
10700.00,243,3,2002
7300.00,245,2.2,2002
8500.00,245,2.2,2002
7700.00,247,1.9,2002
6999.00,248,1.8,2002
3250.00,250,4,2002
3800.00,250,3,2002
3000.00,250,2.8,2002
5500.00,250,2.2,2002
8700.00,250,1.9,2002
20000.00,251,5,2002
19800.00,252,4.2,2002
9800.00,253,1.9,2002
7699.00,254,3,2002
9499.00,255,2.5,2002
9700.00,255,2.5,2002
8900.00,256,2.2,2002
6900.00,256,1.8,2002
3500.00,257,2.2,2002
3500.00,258,1.7,2002
4700.00,260,2.7,2002
4799.00,260,2.5,2002
8600.00,260,2.5,2002
7750.00,265,1.9,2002
9700.00,267,2,2002
10200.00,269,3.2,2002
2100.00,270,1.9,2002
3650.00,270,1.9,2002
7500.00,272,2.8,2002
3550.00,274,3.2,2002
9000.00,275,2.5,2002
5700.00,275,1.9,2002
2200.00,280,2.5,2002
5400.00,285,2.2,2002
7200.00,285,1.9,2002
7700.00,287,1.9,2002
10800.00,288,4.4,2002
3390.00,289,2.5,2002
3700.00,290,1.9,2002
3350.00,295,2,2002
9800.00,299,2.5,2002
10500.00,299,2.5,2002
2500.00,300,2.5,2002
8990.00,300,2.2,2002
5400.00,300,1.6,2002
3900.00,302,1.9,2002
13000.00,304,4.4,2002
3150.00,320,2.5,2002
6900.00,320,1.8,2002
5400.00,320,1.4,2002
8200.00,326,2.5,2002
8300.00,337,2.2,2002
7700.00,340,2.2,2002
4100.00,345,1.9,2002
4000.00,370,3.2,2002
3100.00,400,2.2,2002
2400.00,1,2,2001
2750.00,1,1.9,2001
3600.00,22,1.9,2001
4100.00,26,3,2001
3100.00,114,1.6,2001
2200.00,118,1.4,2001
7800.00,125,2.3,2001
6600.00,136,1.4,2001
5050.00,138,1,2001
35000.00,147,6,2001
5300.00,147,2.2,2001
11000.00,148,3.2,2001
6550.00,150,1.6,2001
8600.00,154,1.8,2001
6800.00,160,2.8,2001
2700.00,160,2,2001
13000.00,161,1.8,2001
6999.00,168,2.3,2001
1999.00,168,1.8,2001
7000.00,170,2.2,2001
8899.00,170,2.2,2001
6250.00,170,1.4,2001
10200.00,174,2.6,2001
8300.00,175,2,2001
3200.00,178,1.9,2001
7400.00,178,1.8,2001
7500.00,187,2,2001
7000.00,190,2.6,2001
3700.00,195,1.9,2001
3450.00,196,1.9,2001
8300.00,197,3,2001
8200.00,199,2.2,2001
8300.00,200,4.4,2001
6999.00,200,2.6,2001
3500.00,200,2.5,2001
2499.00,201,1.7,2001
3900.00,202,1.9,2001
2990.00,203,2,2001
6100.00,205,1.8,2001
4800.00,206,1.6,2001
7300.00,214,1.9,2001
4100.00,215,4.3,2001
3550.00,215,2.5,2001
8400.00,220,2.2,2001
7000.00,220,1.8,2001
3150.00,220,1.7,2001
3400.00,223,2.5,2001
3200.00,229,2.7,2001
7900.00,229,1.9,2001
8000.00,230,2.2,2001
2900.00,230,2,2001
7700.00,230,2,2001
1990.00,230,1.7,2001
3100.00,232,1.9,2001
2500.00,232,1.6,2001
8300.00,233,3.2,2001
4000.00,234,2.5,2001
6300.00,235,3.2,2001
2900.00,236,2,2001
2100.00,237,1.9,2001
3550.00,238,2.2,2001
12200.00,239,3,2001
11800.00,240,4.2,2001
8600.00,240,3.2,2001
3900.00,240,3,2001
5850.00,240,2.2,2001
8900.00,240,2,2001
2500.00,242,3,2001
8700.00,244,2.5,2001
9000.00,245,3,2001
8500.00,247,2.5,2001
6500.00,248,2,2001
16000.00,250,4.7,2001
5850.00,250,4.5,2001
3500.00,250,2.7,2001
2300.00,250,2.5,2001
3050.00,250,2.5,2001
4900.00,250,2.5,2001
8900.00,250,2.5,2001
8999.00,250,1.9,2001
8500.00,253,2.5,2001
4999.00,256,2.5,2001
5699.00,258,2.5,2001
8500.00,260,2.2,2001
1999.00,260,1.9,2001
19000.00,263,4.2,2001
11000.00,263,3.2,2001
9800.00,264,3,2001
5100.00,270,3.2,2001
9300.00,270,2.7,2001
2650.00,270,2.5,2001
3000.00,270,1.9,2001
9999.00,271,3,2001
10700.00,274,2.5,2001
3000.00,275,1.9,2001
3600.00,276,2.7,2001
3800.00,278,2.9,2001
3500.00,280,3,2001
7000.00,280,3,2001
7600.00,280,2.2,2001
5800.00,282,2.2,2001
6000.00,284,1.9,2001
7200.00,285,2.2,2001
7000.00,286,2.8,2001
1950.00,286,1.9,2001
8800.00,287,3,2001
6999.00,288,3.2,2001
11500.00,290,3,2001
2800.00,296,3,2001
6699.00,299,2.2,2001
11777.00,300,4.3,2001
4000.00,300,2.5,2001
5700.00,300,1.8,2001
6700.00,310,2.2,2001
9500.00,315,2.5,2001
13500.00,317,5,2001
9900.00,320,2.7,2001
6500.00,320,1.9,2001
6800.00,325,2.5,2001
4999.00,327,3,2001
8100.00,330,2.2,2001
9500.00,339,3,2001
3300.00,345,1.9,2001
9800.00,350,3,2001
7800.00,352,2.5,2001
8500.00,352,2.17,2001
10900.00,360,5,2001
7500.00,360,2.5,2001
8500.00,365,3,2001
3600.00,374,2.5,2001
10900.00,375,4.4,2001
3800.00,462,2.2,2001
10600.00,1,3,2000
6300.00,1,2.5,2000
2350.00,11,1.9,2000
3800.00,107,0.6,2000
11000.00,120,1.8,2000
12600.00,123,3.2,2000
4500.00,140,3,2000
8500.00,141,2,2000
4999.00,145,2,2000
4999.00,145,2,2000
8900.00,150,3,2000
7000.00,150,2,2000
3999.00,152,1,2000
4400.00,160,2.7,2000
7950.00,167,2.5,2000
2300.00,175,1.4,2000
4200.00,180,1.4,2000
1600.00,185,1.3,2000
6500.00,186,2.8,2000
9300.00,186,2.8,2000
3000.00,190,2,2000
11500.00,193,4.4,2000
4000.00,194,1.9,2000
8700.00,196,2,2000
3600.00,199,1.9,2000
3300.00,200,2.7,2000
4600.00,200,2.2,2000
6000.00,200,2.2,2000
1750.00,200,2,2000
5800.00,200,1.4,2000
8500.00,210,4.3,2000
3100.00,210,2.5,2000
2499.00,210,1.8,2000
5300.00,212,2.2,2000
8000.00,214,4.4,2000
2850.00,214,1.9,2000
6500.00,215,2.2,2000
7450.00,219,2,2000
2800.00,220,2.3,2000
6500.00,225,1.4,2000
7800.00,226,2.2,2000
7000.00,230,2,2000
2100.00,230,1.9,2000
2900.00,230,1.6,2000
2700.00,234,2.5,2000
5600.00,235,1.4,2000
24500.00,236,5,2000
2450.00,240,2.5,2000
3650.00,240,2.5,2000
8700.00,240,2.2,2000
5300.00,240,1.8,2000
5300.00,244,2.2,2000
8100.00,246,3,2000
5999.00,248,2.5,2000
20000.00,250,4.2,2000
3300.00,250,3,2000
3999.00,250,3,2000
2500.00,250,2.5,2000
8900.00,250,2.5,2000
9999.00,250,2.2,2000
3300.00,250,1.9,2000
3500.00,250,1.9,2000
9800.00,250,1.8,2000
2499.00,254,2,2000
7000.00,260,2.2,2000
2899.00,260,2,2000
6400.00,261,1.8,2000
2650.00,268,2.5,2000
6499.00,270,4.2,2000
5000.00,270,3,2000
3800.00,270,2.5,2000
1850.00,270,1.9,2000
6000.00,271,1.8,2000
3500.00,272,2,2000
9150.00,273,2.7,2000
9950.00,275,3.5,2000
4150.00,277,2.2,2000
2200.00,279,1.9,2000
14990.00,280,4.2,2000
2600.00,280,2.5,2000
8850.00,280,2.5,2000
6900.00,280,2,2000
2550.00,280,1.6,2000
7800.00,282,2.5,2000
2900.00,282,2.2,2000
8500.00,284,1.9,2000
3500.00,286,1.6,2000
12200.00,287,3.2,2000
14900.00,288,4.7,2000
7400.00,290,3,2000
8900.00,294,2.2,2000
3200.00,295,2.5,2000
2600.00,296,1.9,2000
6800.00,297,2.5,2000
8400.00,297,2.2,2000
7000.00,300,4.3,2000
4500.00,300,3,2000
6700.00,300,2.4,2000
7450.00,300,2,2000
8000.00,300,2,2000
2700.00,300,1.9,2000
4500.00,300,1.6,2000
1200.00,300,1.4,2000
8100.00,302,2.5,2000
3500.00,303,2.2,2000
3800.00,304,1.9,2000
3700.00,305,1.9,2000
4400.00,308,3.2,2000
7800.00,310,2,2000
7200.00,312,3.2,2000
6400.00,312,2.5,2000
6500.00,320,3,2000
8500.00,320,3,2000
3099.00,320,2,2000
2400.00,320,1.9,2000
9999.00,322,2.7,2000
2450.00,325,2.5,2000
6557.85,327,4.2,2000
8800.00,330,5,2000
3900.00,330,3,2000
2650.00,333,2.5,2000
2650.00,335,2,2000
3900.00,340,2.5,2000
13500.00,350,2.9,2000
9299.00,350,2.7,2000
3799.00,350,2.2,2000
4900.00,350,2,2000
3500.00,354,2.5,2000
8700.00,355,3,2000
2550.00,367,3.2,2000
8200.00,368,3,2000
5800.00,368,2.2,2000
7777.00,375,4,2000
7400.00,380,2.5,2000
7600.00,384,2.8,2000
8500.00,388,4.3,2000
2199.00,396,2.2,2000
1999.00,400,2.2,2000
4900.00,472,2.5,2000
8500.00,500,3.2,2000
6500.00,1,3.5,1999
6000.00,1,2.5,1999
3000.00,11,1.9,1999
2300.00,25,2.5,1999
4350.00,35,2.2,1999
8000.00,40,2.9,1999
2500.00,111,1.6,1999
2600.00,111,1.4,1999
9600.00,114,2,1999
1500.00,160,1.4,1999
3900.00,160,1,1999
3100.00,164,1.4,1999
2600.00,178,1.7,1999
5500.00,188,2,1999
6950.00,190,2.2,1999
14900.00,195,3.2,1999
4800.00,199,3.2,1999
5700.00,199,1.8,1999
3600.00,200,2.5,1999
6900.00,200,2.3,1999
5800.00,200,2.2,1999
3150.00,200,2,1999
8500.00,200,2,1999
2300.00,200,1.9,1999
2299.00,200,1.8,1999
1850.00,200,1.6,1999
2500.00,200,1.6,1999
11300.00,209,3.5,1999
8200.00,210,3.5,1999
2999.00,210,2,1999
1400.00,212,1.8,1999
8900.00,213,5,1999
5900.00,217,2.3,1999
9000.00,220,3.2,1999
4150.00,220,2.5,1999
7000.00,226,2.5,1999
6399.00,230,2.5,1999
8900.00,234,3.5,1999
6800.00,235,2.2,1999
6900.00,238,3.5,1999
1200.00,240,2.4,1999
6800.00,242,2.2,1999
2900.00,243,1.9,1999
1700.00,247,1.4,1999
2900.00,248,2,1999
1850.00,250,2.5,1999
3600.00,250,2.5,1999
6900.00,250,2.4,1999
1300.00,265,1.9,1999
3000.00,267,2.5,1999
3000.00,267,1.9,1999
6500.00,270,2.8,1999
4100.00,270,1.2,1999
2600.00,273,2.5,1999
3000.00,278,2.5,1999
4600.00,280,3,1999
4850.00,280,3,1999
2500.00,280,2.5,1999
2850.00,280,2.5,1999
3100.00,280,2,1999
16200.00,281,4.2,1999
7700.00,285,3,1999
6600.00,285,2.5,1999
5500.00,285,2.3,1999
8200.00,287,2.5,1999
8700.00,290,2.7,1999
2200.00,290,2.2,1999
6400.00,290,2.2,1999
2500.00,290,2,1999
3000.00,294,2,1999
8800.00,298,2.4,1999
2300.00,300,3,1999
2499.00,300,3,1999
3500.00,300,3,1999
7250.00,300,2.8,1999
3300.00,300,2.5,1999
1900.00,300,1.9,1999
4999.00,300,1.9,1999
1950.00,300,1.8,1999
5999.00,300,1.8,1999
2200.00,303,2.5,1999
3150.00,310,2.5,1999
6900.00,311,2.2,1999
2550.00,312,2.5,1999
18000.00,320,4.2,1999
6300.00,330,2.5,1999
6500.00,330,2.4,1999
2600.00,330,1.9,1999
3500.00,334,2,1999
4000.00,335,2,1999
6200.00,340,1.8,1999
7800.00,380,2.5,1999
5500.00,380,2.4,1999
9500.00,400,3.5,1999
5200.00,400,2.9,1999
4700.00,400,2.4,1999
5000.00,400,2.2,1999
2500.00,407,2.8,1999
7900.00,427,2.9,1999
2750.00,450,2.5,1999
5600.00,480,2.2,1999
8700.00,520,2.5,1999
3200.00,650,1.9,1999
2550.00,1,2.5,1998
6799.00,1,1.4,1998
2400.00,3,3,1998
5000.00,75,1.9,1998
7000.00,126,2.6,1998
4500.00,180,2.3,1998
2350.00,182,1.9,1998
3800.00,196,1.9,1998
5500.00,200,3.5,1998
5000.00,200,2,1998
8700.00,202,3.7,1998
1650.00,210,1.8,1998
6800.00,225,2.4,1998
6800.00,230,2,1998
8000.00,234,2.4,1998
1550.00,235,2,1998
8200.00,241,2,1998
7300.00,245,2.8,1998
1550.00,245,2,1998
4800.00,247,2,1998
3800.00,250,3.2,1998
6400.00,250,3,1998
3500.00,250,2.5,1998
7200.00,250,2.4,1998
1700.00,250,1.4,1998
3800.00,253,2.5,1998
7200.00,255,2.8,1998
1500.00,255,1.9,1998
4900.00,262,2.3,1998
8500.00,265,2.8,1998
6300.00,270,3.5,1998
8999.00,270,2.8,1998
3000.00,270,2.5,1998
2600.00,270,2,1998
4200.00,270,2,1998
2200.00,272,1.9,1998
10000.00,274,4.4,1998
2100.00,275,2.5,1998
7500.00,275,2,1998
7400.00,277,3.5,1998
7400.00,279,3.5,1998
9500.00,280,2.9,1998
5650.00,284,2,1998
2700.00,287,2.5,1998
6500.00,298,2.5,1998
4300.00,298,1.8,1998
9999.00,300,3.2,1998
1700.00,300,2,1998
2350.00,300,1.9,1998
4850.00,300,1.9,1998
6900.00,300,1.8,1998
2550.00,304,2.5,1998
2000.00,310,2.5,1998
6500.00,311,2,1998
10500.00,312,2.5,1998
3100.00,315,2.5,1998
18800.00,320,5,1998
2000.00,320,2.2,1998
7700.00,326,2.8,1998
4300.00,340,2.4,1998
6200.00,340,2.4,1998
2250.00,350,2.5,1998
6600.00,360,1.8,1998
2550.00,370,2.5,1998
6500.00,377,2,1998
6500.00,388,3.5,1998
2799.00,390,1.9,1998
7000.00,400,2.8,1998
5000.00,400,2.3,1998
5800.00,400,2,1998
5990.00,400,2,1998
4100.00,410,2.2,1998
6500.00,547,1.9,1998
8500.00,630,2.9,1998
4999.00,1,2.8,1997
2500.00,44,2.5,1997
2600.00,93,2.5,1997
3600.00,101,2,1997
3200.00,106,2,1997
1850.00,145,1.6,1997
8999.00,160,1.8,1997
9200.00,172,2.8,1997
3550.00,196,2.8,1997
4550.00,200,2.8,1997
800.00,200,1.9,1997
8700.00,210,5,1997
4300.00,217,1.6,1997
6400.00,220,2.5,1997
3350.00,223,1.9,1997
2900.00,225,2.5,1997
6990.00,225,2.5,1997
2800.00,230,2.8,1997
3750.00,232,1.8,1997
6900.00,235,2.9,1997
9500.00,246,6,1997
8200.00,250,4.4,1997
5700.00,252,2.5,1997
2600.00,253,1.8,1997
2750.00,254,2.8,1997
4950.00,256,2,1997
7900.00,260,3.5,1997
8200.00,260,3,1997
6100.00,266,3.5,1997
5300.00,270,1.8,1997
2600.00,280,2.9,1997
2900.00,280,2.5,1997
8200.00,280,2.4,1997
6500.00,280,2,1997
1800.00,280,1.9,1997
7400.00,285,4.4,1997
1900.00,285,2.5,1997
2200.00,290,2.5,1997
4400.00,290,1.8,1997
5400.00,300,3.2,1997
6500.00,300,2.8,1997
1900.00,300,2.5,1997
2050.00,300,2.5,1997
2250.00,300,2.5,1997
6700.00,300,2.5,1997
6500.00,310,1.9,1997
7100.00,313,2,1997
6200.00,316,2.6,1997
7500.00,319,3.2,1997
6950.00,320,4.4,1997
6899.00,320,2.8,1997
6900.00,327,3.7,1997
6999.00,330,2,1997
7650.00,340,5,1997
6700.00,340,2.6,1997
2150.00,360,2.9,1997
6900.00,360,2.5,1997
4000.00,367,1.6,1997
5200.00,370,2,1997
6700.00,370,2,1997
5300.00,370,1.8,1997
7300.00,380,2.9,1997
4000.00,380,2.8,1997
6500.00,385,2.4,1997
8800.00,388,4.2,1997
3500.00,395,2.3,1997
15000.00,400,3,1997
2700.00,400,2.9,1997
12300.00,423,5,1997
6100.00,438,2,1997
6200.00,450,4.2,1997
6000.00,460,1.9,1997
6700.00,470,2,1997
4950.00,1,3,1996
4600.00,1,1.8,1996
4700.00,1,1.8,1996
2800.00,150,2,1996
10900.00,160,3,1996
1700.00,177,1.6,1996
8300.00,186,2.5,1996
3650.00,197,2,1996
7700.00,199,5,1996
4500.00,199,1.8,1996
10500.00,200,4.5,1996
1500.00,200,1.8,1996
1950.00,210,1.8,1996
2100.00,217,1.9,1996
4500.00,230,2,1996
3999.00,238,1.8,1996
4500.00,238,1.8,1996
6900.00,239,2.3,1996
1450.00,245,2.8,1996
1389.00,245,1.3,1996
5000.00,248,2,1996
5200.00,250,1.8,1996
2600.00,250,1.6,1996
1400.00,260,1.8,1996
3650.00,260,1.3,1996
4000.00,263,1.9,1996
2222.00,268,1.8,1996
5800.00,270,4.4,1996
2000.00,270,2.9,1996
7777.00,270,2.8,1996
6500.00,272,2.8,1996
1800.00,280,1.9,1996
3950.00,288,1.8,1996
4950.00,290,1.8,1996
3800.00,300,2.8,1996
6000.00,300,2.8,1996
3500.00,300,2,1996
3650.00,300,1.8,1996
4000.00,300,1.8,1996
6100.00,305,1.6,1996
3700.00,310,2,1996
2099.00,314,1.9,1996
7600.00,315,2.9,1996
6500.00,315,2,1996
7000.00,320,1.9,1996
2450.00,328,2.5,1996
1750.00,330,1.9,1996
3200.00,330,1.3,1996
6500.00,335,2.8,1996
4700.00,342,1.9,1996
5600.00,355,2.5,1996
2666.00,360,2.5,1996
2000.00,360,1.6,1996
4500.00,390,1.9,1996
5900.00,390,1.8,1996
4700.00,400,2.6,1996
5500.00,400,2.3,1996
6500.00,421,2.5,1996
7200.00,448,3,1996
1900.00,450,2.5,1996
6500.00,450,2.3,1996
8400.00,457,5,1996
6500.00,1,3,1995
6800.00,4,2.8,1995
4500.00,28,1.9,1995
15000.00,67,2.8,1995
6300.00,132,2.8,1995
1950.00,162,1.6,1995
4700.00,200,2.5,1995
4500.00,207,1.3,1995
3799.00,210,2,1995
3799.00,210,2,1995
5900.00,220,2.8,1995
1499.00,220,2,1995
4400.00,225,2,1995
6000.00,226,1.8,1995
6300.00,241,2.8,1995
6000.00,250,5,1995
8900.00,253,1.8,1995
1650.00,257,1.8,1995
5300.00,259,1.6,1995
4850.00,270,2.6,1995
1650.00,270,1.8,1995
6399.00,282,2,1995
3700.00,282,1.4,1995
2800.00,287,1.3,1995
4600.00,290,1.9,1995
2500.00,297,1.6,1995
4400.00,300,2,1995
5000.00,305,2,1995
5000.00,326,2.4,1995
3750.00,330,2.2,1995
4600.00,340,2,1995
3990.00,350,2.5,1995
5000.00,350,1.8,1995
6500.00,365,4.2,1995
7000.00,370,2.2,1995
5300.00,380,3,1995
3900.00,385,1.8,1995
5500.00,400,1.9,1995
6000.00,419,2.4,1995
2900.00,433,2.4,1995
4900.00,500,1.9,1995
5300.00,505,2.4,1995
4500.00,525,2.3,1995
2100.00,535,2.2,1995
4800.00,11,2.5,1994
3400.00,77,1.8,1994
7800.00,90,2.2,1994
1550.00,161,1.8,1994
2200.00,168,2,1994
1900.00,200,1.8,1994
2600.00,218,2.2,1994
3500.00,220,2,1994
3800.00,220,1.6,1994
4500.00,230,4,1994
5800.00,231,2.2,1994
4400.00,238,1.6,1994
1199.00,250,1.9,1994
1500.00,260,1.8,1994
2500.00,260,1.79,1994
3750.00,262,1.8,1994
5500.00,269,2.2,1994
24000.00,270,4.2,1994
3950.00,280,2.5,1994
3100.00,283,1.3,1994
4300.00,289,2,1994
5100.00,295,3,1994
4900.00,295,2,1994
5000.00,300,1.8,1994
4500.00,307,2.5,1994
3500.00,313,2.5,1994
3600.00,330,2.8,1994
4700.00,333,3,1994
6900.00,350,3,1994
2900.00,350,1.6,1994
5500.00,360,2,1994
6000.00,366,3.2,1994
5000.00,382,2,1994
4800.00,400,2.5,1994
1350.00,400,1.9,1994
6500.00,435,3.2,1994
3600.00,470,1.8,1994
30000.00,78,3.8,1993
4100.00,88,1.8,1993
3100.00,118,1.8,1993
3700.00,121,1.9,1993
3350.00,122,1.4,1993
4400.00,145,2.4,1993
3500.00,189,1.8,1993
5300.00,204,1.8,1993
3500.00,215,2,1993
1400.00,250,1.8,1993
3800.00,257,2,1993
4000.00,266,1.9,1993
4700.00,280,2.8,1993
4300.00,280,1.8,1993
4900.00,282,3.2,1993
5400.00,314,2.4,1993
3000.00,318,1.9,1993
16500.00,328,4.2,1993
3149.25,330,2,1993
4500.00,360,2,1993
4500.00,370,4,1993
3250.00,380,1.8,1993
4800.00,390,2.6,1993
5000.00,400,2.4,1993
3990.00,413,2.6,1993
4800.00,90,1.9,1992
3800.00,100,1.8,1992
2500.00,111,2.3,1992
3200.00,198,2,1992
1450.00,200,1.8,1992
5000.00,215,2.6,1992
1350.00,240,2.5,1992
3000.00,250,1.9,1992
1500.00,270,2.5,1992
5000.00,280,2.3,1992
1699.00,294,1.6,1992
4000.00,320,2.8,1992
4400.00,340,2.8,1992
4800.00,341,2.8,1992
3300.00,345,2.4,1992
4100.00,350,2.4,1992
4200.00,350,1.8,1992
3300.00,360,2.5,1992
3700.00,370,2,1992
4000.00,400,2,1992
5400.00,404,2.5,1992
4000.00,405,2,1992
5200.00,432,3,1992
5200.00,442,2.4,1992
3500.00,3,1.8,1991
3150.00,10,2.8,1991
2200.00,50,2,1991
4800.00,111,2.5,1991
2450.00,200,1.3,1991
3399.00,201,1.8,1991
3000.00,240,1.8,1991
4599.00,267,2,1991
3100.00,275,1.2,1991
4200.00,277,2,1991
6500.00,285,2.5,1991
2300.00,300,2,1991
2999.00,300,1.6,1991
4299.00,307,2.8,1991
4000.00,315,2.3,1991
1600.00,338,3,1991
4500.00,356,2.3,1991
5800.00,366,3.2,1991
3200.00,367,2,1991
5000.00,370,2.3,1991
4000.00,380,2,1991
4700.00,390,2.5,1991
5000.00,400,2.5,1991
5000.00,400,2,1991
2199.00,400,1.8,1991
4500.00,409,2.6,1991
2300.00,420,1.8,1991
3300.00,430,1.8,1991
2500.00,440,1.6,1991
4000.00,460,2,1991
2500.00,488,2,1991
1550.00,1,1.8,1990
3500.00,35,1.8,1990
3499.00,101,2.5,1990
2500.00,105,1.4,1990
4700.00,230,2.5,1990
3700.00,231,2.5,1990
3200.00,237,2.5,1990
4400.00,260,2,1990
2600.00,288,1.8,1990
2800.00,290,2,1990
3650.00,300,2,1990
2900.00,315,1.6,1990
3200.00,320,1.8,1990
2850.00,350,2,1990
2500.00,350,1.8,1990
3500.00,360,2.2,1990
3900.00,375,2,1990
3100.00,390,1.8,1990
2900.00,1,2.3,1989
2900.00,2,1.8,1989
2999.00,5,1.3,1989
5900.00,10,2.8,1989
1900.00,100,1.6,1989
3900.00,111,2.5,1989
1599.00,156,1.8,1989
3300.00,200,1.8,1989
2200.00,300,2,1989
2900.00,300,1.8,1989
1800.00,300,1.3,1989
2400.00,305,2.3,1989
2400.00,310,2,1989
3600.00,320,1.8,1989
2300.00,320,1.6,1989
2400.00,350,2,1989
1350.00,360,2.5,1989
3900.00,380,3,1989
2700.00,400,1.8,1989
2300.00,523,1.8,1989
2700.00,550,1.6,1989
3500.00,1,2,1988
1800.00,1,1.4,1988
2600.00,10,2.4,1988
4099.00,50,2.5,1988
1450.00,100,1.6,1988
4100.00,200,2.7,1988
1200.00,240,1.7,1988
1500.00,265,1.8,1988
3000.00,265,1.8,1988
2000.00,300,1.3,1988
3300.00,330,2,1988
2700.00,337,2.3,1988
2899.00,340,2.4,1988
2700.00,350,3,1988
2100.00,350,2.4,1988
2850.00,386,5,1988
2200.00,400,2,1988
5500.00,402,2,1988
2800.00,421,1.3,1988
999.00,430,2,1988
2850.00,450,1.6,1988
2200.00,460,2.4,1988
1900.00,504,1.6,1988
2500.00,122,2.3,1987
1185.60,160,2,1987
1900.00,200,2,1987
1450.00,200,1.8,1987
2350.00,211,1.3,1987
2500.00,220,2.4,1987
2411.00,240,1.6,1987
4000.00,243,2,1987
1150.00,250,1.4,1987
2200.00,260,1.8,1987
2650.00,280,1.8,1987
1900.00,297,1.6,1987
2650.00,300,2,1987
2800.00,300,1.8,1987
3300.00,300,1.8,1987
2500.00,371,2.2,1987
4100.00,400,2,1987
2200.00,400,1.3,1987
5500.00,1,2,1986
1350.00,100,1.7,1986
2700.00,121,2.5,1986
1550.00,130,1.3,1986
2200.00,150,1.6,1986
2500.00,200,2.3,1986
3500.00,265,2,1986
1180.00,280,1.8,1986
3950.00,300,2,1986
3100.00,311,1.6,1986
1999.00,400,1.6,1986
2650.00,30,2.3,1985
2200.00,33,1.9,1985
1100.00,140,2,1985
1852.50,150,1.8,1985
8000.00,194,2,1985
1750.00,270,1.6,1985
4300.00,280,2.5,1985
1850.00,281,2,1985
2200.00,290,1.6,1985
6000.00,350,2,1985
3200.00,390,2.3,1985
2650.00,470,2,1985
1300.00,10,1.6,1984
1899.00,300,1.6,1984
2500.00,324,1.6,1984
3700.00,110,2.5,1983
2400.00,237,3.8,1983
1950.00,94,1.1,1982
1296.75,1,1.6,1980
600.00,112,1.6,1980
7777.00,230,2.8,1980
1950.00,1,2,1979
600.00,10,1.5,1979
2990.00,300,2.8,1979
2300.00,261,2.3,1978
5500.00,440,2,1978
34999.00,150,2.8,1969
